COD_TIPO,COD_BE,ORD_TIPO,NOMBRE50,NOMBRE105,OBSERVACIONES,CODIGOCIF,SIGLAVIA,NOMBREVIA,NUMEROVIA,RESTODOM,CODPOSTAL,POBLACION,PROVINCIA,CODPAIS,SERVTASA,TELEFONO,PENDBAJA,NUMFAX,DIRINTERNET,FCHBAJA,MOTBAJA,CODENTSUC,FECHACTUALIZA,FECHAALTA,CODAUT,CODPROV,NOMCOMERCIAL,INDICATIVONC,NOMENTMATRIZ,DIRENTMATRIZ,LOCENTMATRIZ,CPENTMATRIZ,TELENTMATRIZ,FAXENTMATRIZ,INTERNETENTMATRIZ,COD_AUTONOMIA,NOMBRE105_ENT_SUC,NOMBRE35,ANAGRAMA,CODPAISMATRIZ,DESC_VARIACION,SALVAGUARDA,EXCLUSIVIDAD,CORTE_REGISTRAL,CODIGO_LEI,COD_BE_PREVIO,AGRUPACIONGEO,BIC
CC,3001,40000,"CAJA R. DE ALMENDRALEJO, S.C.C.","CAJA RURAL DE ALMENDRALEJO, SOCIEDAD COOPERATIVA DE CREDITO",,F06004816,PZ,DE SAN ANTONIO,S/N,,6200,ALMENDRALEJO,BADAJOZ,ES,,0924670371,,0924664311,WWW.CAJALMENDRALEJO.COM,,,0000,11/11/2014,25/03/1971,,06,,N,,,,,,,,10,,"CAJA R. DE ALMENDRALEJO, S.C.C.",CR ALMENDRALEJO,ES,,,,,95980020140005937353,0000,,BCOEESMM001
CC,3005,40000,"CAJA R. CENTRAL, S.C.C.","CAJA RURAL CENTRAL, SOCIEDAD COOPERATIVA DE CREDITO",,F03014677,CL,JOSE MARIA SARGET,29,,3300,ORIHUELA,ALICANTE,ES,,0966747800,,0965300975,WWW.RURALCENTRAL.ES,,,0000,28/10/2015,29/03/1971,,03,,N,,,,,,,,15,,"CAJA R. CENTRAL, S.C.C.",C.R. CENTRAL,ES,,,,,95980020140005487079,0000,,BCOEESMM005
CC,3007,40000,"CAJA R. DE GIJON, S.C. ASTURIANA DE CREDITO","CAJA RURAL DE GIJON, SOCIEDAD COOPERATIVA ASTURIANA DE CREDITO",,F33604455,PS,INFANCIA,10,,33207,GIJON,ASTURIAS,ES,,0985180401,,0985180402,WWW.RURALVIA.COM/GIJON,,,0000,21/09/2015,25/03/1971,,33,,N,,,,,,,,03,,"CAJA R. DE GIJON, S.C.A.C.",C.R. DE GIJON,ES,CAMBIO DE DENOMINACION,,,N,95980020140005480580,0000,,BCOEESMM007
CA,2045,30000,CAJA DE AHORROS Y M.P. DE ONTINYENT,CAJA DE AHORROS Y MONTE DE PIEDAD DE ONTINYENT,,G46002796,PZ,SANTO DOMINGO,24,,46870,ONTINYENT,VALENCIA,ES,,0962919100,,0962387003,WWW.CAIXAONTINYENT.ES,,,0000,28/11/2014,15/01/1931,,46,,N,,,,,,,,15,,CAJA DE AHORROS Y M.P. ONTINYENT,CAJA ONTINYENT,ES,,,,,95980020140005436542,0000,,
CA,2056,30000,COLONYA - CAIXA D'ESTALVIS DE POLLENSA,COLONYA - CAIXA D'ESTALVIS DE POLLENSA,,G07000045,PZ,MAYOR,7,,7460,POLLENSA,ILLES BALEARS,ES,,0971530162,,0971530409,WWW.COLONYA.ES,,,0000,24/10/2014,17/02/1958,,07,COLONYA,S,,,,,,,,04,,COLONYA-CAIXA D'ESTALVIS POLLENSA,COLONYA,ES,,,,,95980020140006025332,0000,,
CO,1000,10000,INSTITUTO DE CREDITO OFICIAL,INSTITUTO DE CREDITO OFICIAL,,Q2876002C,PS,DEL PRADO,4,,28014,MADRID,,ES,,0915921600,,0915921700,,,,0000,21/11/2014,13/01/1989,,28,ICO,S,,,,,,,,12,,INSTITUTO DE CREDITO OFICIAL,ICO,ES,,,,,PJQDPSI1D8J2Q1IM3G17,0000,,ICROESMMXXX
BP,0003,20000,"BANCO DE DEPOSITOS, S.A.","BANCO DE DEPOSITOS, S.A.",,A07001027,CL,JOSE ORTEGA Y GASSET,29,,28006,MADRID,,ES,,0914352175,,0915752296,,,,0000,10/12/2014,14/06/1950,,28,,N,,,,,,,,12,,"BANCO DE DEPOSITOS, S.A.",B. DEPOSITOS,ES,,,,,5493007LK0D8SKLLH161,0000,,BDEPESM1XXX
BP,0011,20000,"ALLFUNDS BANK, S.A.","ALLFUNDS BANK, S.A.",,A41001371,CL,ESTAFETA,6,LA MORALEJA,28109,ALCOBENDAS,MADRID,ES,,0912746400,,0912746464,WWW.ALLFUNDSBANK.COM,,,0000,29/03/2017,17/03/1947,,28,,N,,,,,,,,12,,"ALLFUNDS BANK, S.A.",ALLFUNDS BANK,ES,,,,,95980020140005844330,0000,,ALLFESMMXXX
BP,0019,20000,"DEUTSCHE BANK, S.A.E.","DEUTSCHE BANK, SOCIEDAD ANONIMA ESPAÑOLA",,A08000614,PS,DE LA CASTELLANA,18,,28046,MADRID,,ES,,0913355800,,,WWW.DEUTSCHE-BANK.ES,,,0000,24/03/2017,11/05/1949,,28,DB-S.A.E.,S,,,,,,,,12,,"DEUTSCHE BANK, S.A.E.",DB-S.A.E.,ES,,,,,529900SICIK5OVMVY186,0000,,DEUTESBBXXX
BP,0036,20000,"SANTANDER INVESTMENT, S.A.","SANTANDER INVESTMENT, S.A.",,A08161507,AV,DE CANTABRIA,S/N,CIUDAD GR. SANTANDER,28660,BOADILLA DEL MONTE,MADRID,ES,,0912893400,,0912571817,,,,0000,01/12/2014,17/03/1947,,28,,N,,,,,,,,12,,"SANTANDER INVESTMENT, S.A.",SANTANDER INV.,ES,,,,,959800PF0SJV8TSAB140,0000,,SABNESMMXXX
BP,0038,20000,"SANTANDER SECURITIES SERVICES, S.A.","SANTANDER SECURITIES SERVICES, S.A.",,A28027274,AV,DE CANTABRIA,S/N,,28660,BOADILLA DEL MONTE,MADRID,ES,,0912896445,,,,,,0000,21/11/2014,17/03/1947,,28,,N,,,,,,,,12,,"SANTANDER SECURITIES SERVICES, S.A.",SANTANDER SECUR,ES,,,,,95980020140005970915,0000,,
BP,0049,20000,"BANCO SANTANDER, S.A.","BANCO SANTANDER, S.A.",,A39000013,PS,DE PEREDA,9-12,,39004,SANTANDER,CANTABRIA,ES,,0942206100,,0915813388,www.santander.com,,,0000,07/09/2018,17/03/1947,,39,SANTANDER,S,,,,,,,,06,,"BANCO SANTANDER,SA",SANTANDER,ES,,,,,5493006QMFDDMYWIAM13,0000,,BSCHESMMXXX
BP,0058,20000,"BNP PARIBAS ESPAÑA, S.A.","BNP PARIBAS ESPAÑA, S.A.",,A28000370,CL,EMILIO VARGAS,4,,28043,MADRID,,ES,,0913888999,,0913888554,WWW.BANCAPRIVADA.BNPPARIBAS.ES,,,0000,01/02/2017,17/03/1947,,28,,N,,,,,,,,12,,"BNP PARIBAS ESPAÑA, S.A.","BNP PARIBAS, SA",ES,,,,,95980020140005022740,0000,,BNPAESMMXXX
BP,0061,20000,"BANCA MARCH, S.A.","BANCA MARCH, S.A.",,A07004021,AV,ALEJANDRO ROSELLO,8,,7002,PALMA,ILLES BALEARS,ES,,0971779100,,0971469929,WWW.BANCAMARCH.ES,,,0000,02/06/2017,17/03/1947,,07,,N,,,,,,,,04,,"BANCA MARCH, S.A.",BANCA MARCH,ES,,,,,959800LQ598A5RQASA61,0000,,BMARES2MXXX
BP,0073,20000,"OPEN BANK, S.A.","OPEN BANK, S.A.",,A28021079,AV,CANTABRIA,S/N,CIUDAD GR. SANTANDER,28660,BOADILLA DEL MONTE,MADRID,ES,,0913421000,,0913421043,WWW.OPENBANK.ES,,,0000,18/08/2017,17/03/1947,,28,,N,,,,,,,,12,,"OPEN BANK, S.A.",OPEN BANK,ES,,,,,95980020140006024944,0000,,OPENESMMXXX
BP,0078,20000,"BANCA PUEYO, S.A.","BANCA PUEYO, S.A.",,A06001671,CL,NUESTRA SEÑORA DE GUADALUPE,2,,6700,VILLANUEVA DE LA SERENA,BADAJOZ,ES,,0924846008,,0924846008,WWW.BANCAPUEYO.ES,,,0000,06/07/2018,17/03/1947,,06,BANCA PUEYO,S,,,,,,,,10,,"BANCA PUEYO, S.A.",BANCA PUEYO,ES,,,,,95980020140005487855,0000,,BAPUES22XXX
BP,0081,20000,"BANCO DE SABADELL, S.A.","BANCO DE SABADELL, S.A.",,A08000143,AV,OSCAR ESPLA,37,,3007,ALICANTE,,ES,,0937289289,,0937271867,WWW.GRUPOBANCOSABADELL.COM,,,0000,06/10/2017,17/03/1947,,03,,N,,,,,,,,15,,"BANCO DE SABADELL, S.A.",BANCO SABADELL,ES,CAMBIO DE DOMICILIO,,,D,SI5RG2M0WQQLZCXKRM20,0000,,BSABESBBXXX
BP,0083,20000,"RENTA 4 BANCO, S.A.","RENTA 4 BANCO, S.A.",,A82473018,PS,DE LA HABANA,74,,28036,MADRID,,ES,,0913848500,,0913848507,,,,0000,19/11/2015,09/02/2012,,28,,N,,,,,,,,12,,"RENTA 4 BANCO, S.A.",RENTA 4,ES,,,,,213800IMKAUV5KW28586,0000,,RENBESMMXXX
BP,0091,20000,"BANCO DE ALBACETE, S.A.","BANCO DE ALBACETE, S.A.",,A02000974,AV,DE CANTABRIA,S/N,CIUDAD GRP.SANTANDER,28660,BOADILLA DEL MONTE,MADRID,ES,,0913422881,,0913422884,WWW.BANCODEALBACETE.ES,,,0000,20/02/2017,09/05/1947,,28,,N,,,,,,,,12,,"BANCO DE ALBACETE, S.A.",BANCO ALBACETE,ES,,,,,959800MZYB6CKWA9K382,0000,,ALACESM1XXX
BP,0113,20000,"BANCO INDUSTRIAL DE BILBAO, S.A.","BANCO INDUSTRIAL DE BILBAO, S.A.",,A48036990,CL,GRAN VIA DON DIEGO LOPEZ HARO,12,,48009,BILBAO,BIZKAIA,ES,,0944876571,,0944876674,,,,0000,26/01/2017,28/07/1964,,48,,N,,,,,,,,16,,"BANCO INDUSTRIAL DE BILBAO, S.A.",INDUST. BILBAO,ES,,,,,95980020140005803881,0000,,INBBESM1XXX
BP,0121,20000,"BANCO OCCIDENTAL, S.A.","BANCO OCCIDENTAL, S.A.",,A28137958,CL,AZUL,4,,28050,MADRID,,ES,,0944876571,,0944876674,,,,0000,26/01/2017,24/11/1964,,28,,N,,,,,,,,12,,"BANCO OCCIDENTAL, S.A.",OCCIDENTAL,ES,,,,,95980020140005816006,0000,,
BP,0122,20000,"CITIBANK ESPAÑA, S.A.","CITIBANK ESPAÑA, S.A.",,A28142081,CL,JOSE ORTEGA Y GASSET,29,EDIFICIO BEATRIZ,28006,MADRID,MADRID,ES,,0915384115,,0916631086,WWW.CITIBANK.ES,,,0000,07/04/2017,05/01/1965,,28,,N,,,,,,,,12,,"CITIBANK ESPAÑA, S.A.",CITIBANK ESPAÑA,ES,,,,,HHY6OGOQAUUT1FUCOL70,0000,,CITIES2XXXX
BP,0125,20000,"BANCOFAR, S.A.","BANCOFAR, S.A.",,A45002599,CL,FORTUNY,51,,28010,MADRID,,ES,,0917023190,,0917023194,WWW.BANCOFAR.ES,,,0000,29/12/2014,20/04/1965,,28,,N,,,,,,,,12,,"BANCOFAR, S.A.",BANCOFAR,ES,,,,,95980020140005879153,0000,,BAOFESM1XXX
BP,0128,20000,"BANKINTER, S.A.","BANKINTER, S.A.",,A28157360,PS,DE LA CASTELLANA,29,,28046,MADRID,,ES,,0913397500,,0913397522,WWW.EBANKINTER.COM,,,0000,10/08/2017,16/06/1965,,28,,N,,,,,,,,12,,"BANKINTER, S.A.",BANKINTER,ES,,,,,VWMYAEQSTOPNV0SUGU82,0000,,BKBKESMMXXX
BP,0130,20000,"BANCO CAIXA GERAL, S.A.","BANCO CAIXA GERAL, S.A.",,A28226157,CL,POLICARPO SANZ,5,,36202,VIGO,PONTEVEDRA,ES,,0986810700,,0986810710,WWW.BANCOCAIXAGERAL.ES,,,0000,03/05/2016,19/09/1969,,36,,N,,,,,,,,11,,"BANCO CAIXA GERAL, S.A.",B. CAIXA GERAL,ES,,,,,95980020140005487661,0000,,
BP,0133,20000,"NUEVO MICRO BANK, S.A.","NUEVO MICRO BANK, S.A.",,A65619421,CL,ADUANA,18,,28013,MADRID,,ES,,0932813750,,0932813751,WWW.MICROBANKLACAIXA.COM,,,0000,12/04/2018,12/08/2011,,28,,N,,,,,,,,12,,"NUEVO MICRO BANK, S.A.",MICRO BANK,ES,CAMBIO DE DOMICILIO,,,D,95980020140005635198,0000,,MIKBESB1XXX
BP,0136,20000,"ARESBANK, S.A.","ARESBANK, S.A.",,A28386191,PS,DE LA CASTELLANA,257,,28046,MADRID,,ES,,0913149595,,0913149768,WWW.ARESBANK.ES,,,0000,27/10/2014,02/04/1975,,28,ARESBANK,S,,,,,,,,12,,"ARESBANK, S.A.",ARESBANK,ES,,,,,95980020140005658381,0000,,AREBESMMXXX
BP,0138,20000,"BANKOA, S.A.","BANKOA, S.A.",,A20043717,AV,DE LA LIBERTAD,5,,20004,SAN SEBASTIAN,GIPUZKOA,ES,,0943410100,,0943429414,WWW.BANKOA.ES,,,0000,17/12/2014,22/04/1975,,20,,N,,,,,,,,16,,"BANKOA, S.A.",BANKOA,ES,,,,,9598004AD4ZYT23URU08,0000,,BKOAES22XXX
BP,0182,20000,"BANCO BILBAO VIZCAYA ARGENTARIA, S.A.","BANCO BILBAO VIZCAYA ARGENTARIA, S.A.",,A48265169,PZ,DE SAN NICOLAS,4,,48005,BILBAO,BIZKAIA,ES,R,0944876000,,0944876417,WWW.BBVA.COM,,,0000,18/05/2018,01/10/1988,,48,BBVA,S,,,,,,,,16,,"BANCO BILBAO VIZCAYA ARGENTARIA, SA",BBVA,ES,,,,,K8MS7FD7N5Z2WQ51AZ71,0000,,BBVAESMMXXX
BP,0184,20000,"BANCO EUROPEO DE FINANZAS, S.A.","BANCO EUROPEO DE FINANZAS, S.A.",,A78963816,CL,BOLSA,4,PLANTA 1ª,29015,MALAGA,MALAGA,ES,,0952367955,,0952367956,WWW.BEF.ES,,,0000,30/06/2015,12/01/1989,,29,,N,,,,,,,,01,,"BANCO EUROPEO DE FINANZAS, S.A.",EUROP. FINANZAS,ES,CAMBIO DE DOMICILIO,,,D,549300CM3R8O9D5Q9M94,0000,,BEDFESM1XXX
BP,0186,20000,"BANCO MEDIOLANUM, S.A.","BANCO MEDIOLANUM, S.A.",,A58640582,CL,ROGER DE LAURIA,19,2,46002,VALENCIA,,ES,,0932535400,,0932535430,WWW.BANCOMEDIOLANUM.ES,,,0000,09/10/2017,16/02/1989,,46,BANCOMEDIOLANUM,S,,,,,,,,15,,"BANCO MEDIOLANUM, S.A.",BANCOMEDIOLANUM,ES,CAMBIO DE DOMICILIO,,,D,2138001YBO7CJNQOEE37,0000,,BFIVESBBXXX
BP,0188,20000,"BANCO ALCALA, S.A.","BANCO ALCALA, S.A.",,A79074274,CL,JOSE ORTEGA Y GASSET,7,,28006,MADRID,,ES,,0911750700,,0915755251,WWW.BANCOALCALA.ES,,,0000,23/11/2015,04/05/1989,,28,,N,,,,,,,,12,,"BANCO ALCALA, S.A.",BANCO ALCALA,ES,,,,,95980020140005317135,0000,,ALCLESMMXXX
BP,0198,20000,"BANCO COOPERATIVO ESPAÑOL, S.A.","BANCO COOPERATIVO ESPAÑOL, S.A.",,A79496055,CL,VIRGEN DE LOS PELIGROS,4,,28013,MADRID,,ES,,0915956700,,0915956800,WWW.BANCOCOOPERATIVO.ES,,,0000,24/10/2014,11/09/1990,,28,,N,,,,,,,,12,,"BANCO COOPERATIVO ESPAÑOL, S.A.",COOPERATIVO,ES,,,,,549300LYFYVPUCG6SY25,0000,,BCOEESMMXXX
BP,0200,20000,"BANK DEGROOF PETERCAM SPAIN, S.A.","BANK DEGROOF PETERCAM SPAIN, S.A.",,A58891672,PZ,DEL AYUNTAMIENTO,26,,46002,VALENCIA,,ES,,0934458500,,0934458501,WWW.PRIVATBANK.ES,,,0000,23/10/2017,06/11/1990,,46,,N,,,,,,,,15,,"BANK DEGROOF PETERCAM SPAIN, S.A.",BANK DEGROOF PE,ES,CAMBIO DE DOMICILIO,,,D,95980020140005218292,0000,,PRVBESB1XXX
BP,0211,20000,"EBN BANCO DE NEGOCIOS, S.A.","EBN BANCO DE NEGOCIOS, S.A.",,A28763043,PS,DE RECOLETOS,29,,28004,MADRID,,ES,,0917009800,,0917009895,WWW.EBNBANCO.COM,,,0000,30/07/2014,24/10/1991,,28,,N,,,,,,,,12,,"EBN BANCO DE NEGOCIOS, S.A.",EBN BANCO,ES,,,,,95980020140005388333,0000,,PROAESMMXXX
BP,0216,20000,"TARGOBANK, S.A.","TARGOBANK, S.A.",,A79223707,CL,CLAUDIO COELLO,123,,28006,MADRID,,ES,,0914365863,,0915207235,WWW.TARGOBANK.ES,,,0000,19/07/2017,19/07/1993,,28,,N,,,,,,,,12,,"TARGOBANK, S.A.","TARGOBANK, S.A.",ES,,,,,95980020140005562739,0000,,POHIESMMXXX
BP,0219,20000,BMCE BANK INTERNATIONAL S.A.,"BMCE BANK INTERNATIONAL, S.A.",,A80754781,CL,SERRANO,59,,28006,MADRID,,ES,,0915756800,,0914316310,,,,0000,08/05/2018,02/03/1994,,28,,N,,,,,,,,12,,BMCE BANK INTERNATIONAL,BMCE,ES,CAMBIO DE DENOMINACION,,,N,959800VHSP2QBPNRF210,0000,,BMCEESMMXXX
BP,0220,20000,"BANCO FINANTIA SOFINLOC, S.A.","BANCO FINANTIA SOFINLOC, S.A.",,A80762941,AV,MENENDEZ PELAYO,67,,28009,MADRID,,ES,,0915572300,,0915572301,WWW.BFS.ES.,,,0000,11/08/2017,21/01/1994,,28,,N,,,,,,,,12,,"BANCO FINANTIA SOFINLOC, S.A.",FINANTIA,ES,,,,,5493002PFG8AH59UDW18,0000,,FIOFESM1XXX
BP,0224,20000,"SANTANDER CONSUMER FINANCE, S.A.","SANTANDER CONSUMER FINANCE, S.A.",,A28122570,AV,DE CANTABRIA,S/N,CIUDAD GR. SANTANDER,28660,BOADILLA DEL MONTE,MADRID,ES,,0912574930,,0912571288,WWW.SANTANDERCONSUMERFINANCE.ES,,,0000,01/12/2014,14/07/1964,,28,,N,,,,,,,,12,,"SANTANDER CONSUMER FINANCE, S.A.",S. CONSUMER F.,ES,,,,,5493000LM0MZ4JPMGM90,0000,,SCFBESMMXXX
BP,0225,20000,"BANCO CETELEM, S.A.","BANCO CETELEM, S.A.",,A78650348,CL,RETAMA,3,PL. 3-2,28045,MADRID,,ES,,0913370700,,0915287780,WWW.BANCOCETELEM.ES,,,0000,27/10/2017,02/01/1996,,28,,N,,,,,,,,12,,"BANCO CETELEM, S.A.",BANCO CETELEM,ES,,,,,95980020140005879929,0000,,FIEIESM1XXX
BP,0229,20000,"WIZINK BANK, S.A.","WIZINK BANK, S.A.",,A81831067,CL,ULISES,16-18,,28043,MADRID,,ES,,0918367000,,0913202072,WWW.WIZINK.ES,,,0000,13/02/2017,26/07/2000,,28,,N,,,,,,,,12,,"WIZINK BANK, S.A.","WIZINK BANK, S.",ES,CAMBIO DE DOMICILIO,,,D,549300Q17EOFMB1AGS79,0000,,POPLESMMXXX
BP,0232,20000,"BANCO INVERSIS, S.A.","BANCO INVERSIS, S.A.",,A83131433,AV,DE LA HISPANIDAD,6,,28042,MADRID,,ES,,0914001400,,0914001410,WWW.INVERSIS.COM,,,0000,27/10/2014,10/12/2001,,28,,N,,,,,,,,12,,"BANCO INVERSIS, S.A.",INVERSIS,ES,,,,,95980020140005184148,0000,,INVLESMMXXX
BP,0234,20000,"BANCO CAMINOS, S.A.","BANCO CAMINOS, S.A.",,A28520666,CL,ALMAGRO,8,,28010,MADRID,,ES,,0913193448,,0913085459,WWW.BANCOCAMINOS.ES,,,0000,07/11/2014,10/03/2008,,28,,N,,,,,,,,12,,"BANCO CAMINOS, S.A.",BANCO CAMINOS,ES,,,,,95980020140005772841,0000,,CCOCESMMXXX
BP,0235,20000,"BANCO PICHINCHA ESPAÑA, S.A.","BANCO PICHINCHA ESPAÑA, S.A.",,A85882330,CL,LAGASCA,4,,28001,MADRID,,ES,,0917818958,,0915758451,WWW.BANCOPICHINCHA.ES,,,0000,26/06/2018,05/03/2010,,28,,N,,,,,,,,12,,"BANCO PICHINCHA ESPAÑA, S.A.",BANCO PICHINCHA,ES,,,,,95980020140005952097,0000,,PIESESM1XXX
BP,0237,20000,"CAJASUR BANCO, S.A.","CAJASUR BANCO, S.A.",,A95622841,AV,RONDA DE LOS TEJARES,18-24,,14001,CÓRDOBA,,ES,,0944017000,,0944878225,,,,0000,27/05/2015,06/10/2010,,14,,N,,,,,,,,01,,"CAJASUR BANCO, S.A.",CAJASUR BANCO,ES,CAMBIO DE DOMICILIO,,,D,95980020140005488243,0000,,CSURES2CXXX
BP,0239,20000,EVO BANCO S.A.,EVO BANCO S.A.,,A70386024,CL,SERRANO,45,,28001,MADRID,,ES,,0915866030,,0915866056,www.evobanco.com,,,0000,03/05/2016,16/10/2013,,28,EVO BANCO S.A.,S,,,,,,,,12,,EVO BANCO S.A.,EVO BANCO S.A.,ES,,,,,95980020140005375820,0000,,
BP,0240,20000,"BANCO DE CREDITO SOCIAL COOPERATIVO, S.A.","BANCO DE CREDITO SOCIAL COOPERATIVO, S.A.",,A86853140,PS,DE LA CASTELLANA,87,,28046,MADRID,,ES,,0914183162,,0914183163,www.bcc.es/es/,,,0000,07/11/2017,18/02/2014,,28,,N,,,,,,,,12,,"BANCO DE CREDITO SOCIAL COOP., S.A.",B.CREDITO SOC.,ES,,,,,95980020140005881190,0000,,
BP,0241,20000,"A&G BANCA PRIVADA, S.A.","A&G BANCA PRIVADA, S.A.",,A87020566,PS,DE LA CASTELLANA,92,,28046,MADRID,,ES,,0915902121,,0911441596,,,,0000,10/10/2018,09/07/2014,,28,,N,,,,,,,,12,,"A&G BANCA PRIVADA, S.A.",A&G BANCA PRIVA,ES,CAMBIO DE DOMICILIO,,,D,959800QKRKCC19MR2G52,0000,,
BP,0242,20000,"SABADELL CONSUMER FINANCE, S.A.","SABADELL CONSUMER FINANCE, S.A.",,A63574719,PZ,CATALUNYA,1,,8201,SABADELL,BARCELONA,ES,,0900363266,,0935916305,www.sabadellconsumer.com,,,0000,03/10/2017,04/07/2017,,08,,N,,,,,,,,09,,"SABADELL CONSUMER FINANCE, S.A.",SABADELL CONSUM,ES,,,,,959800EPV2YFDAY45075,0000,,
BP,1490,20000,"SELF TRADE BANK, S.A.","SELF TRADE BANK, S.A.",,A85597821,CL,GRAN VIA,30,PL. 3,28013,MADRID,MADRID,ES,,0917894000,,0917894019,WWW.SELFTRADE.ES,,,0000,11/11/2014,05/02/2009,,28,SELF TRADE BANK,S,,,,,,,,12,,"SELF TRADE BANK, S.A.",SELF TRADE BANK,ES,,,,,95980020140005419373,0000,,SELFESMMXXX
BP,1544,20000,"ANDBANK ESPAÑA, S.A.","ANDBANK ESPAÑA, S.A.",,A86701711,PS,DE LA CASTELLANA,55,PL. 3,28046,MADRID,,ES,,0912062850,,0912062879,WWW.ANDBANK.ES,,,0000,07/11/2014,12/07/2013,,28,,N,,,,,,,,12,,"ANDBANK ESPAÑA, S.A.",ANDBANK S.A.,ES,,,,,95980020140005310927,0000,,BACALULLXXX
BP,2000,20000,"CECABANK, S.A.","CECABANK, S.A.",,A86436011,CL,ALCALA,27,,28014,MADRID,,ES,,0915965000,,0915965742,WWW.cecabank.es,,,0000,17/05/2017,12/11/2012,,28,"CECABANK, S.A.",S,,,,,,,,12,,"CECABANK, S.A.","CECABANK, S.A.",ES,,,,,549300CQ9NLEHMRCU505,0000,,CECAESMMXXX
BP,2038,20000,"BANKIA, S.A.","BANKIA, S.A",,A14010342,CL,PINTOR SOROLLA,8,,46002,VALENCIA,,ES,,0902246810,,0914239454,WWW.BANKIA.COM,,,0000,23/11/2018,30/05/2011,,46,"BANKIA, S.A",S,,,,,,,,15,,"BANKIA, S.A","BANKIA, S.A",ES,,,,,549300685QG7DJS55M76,0099,,CAHMESMMXXX
BP,2048,20000,"LIBERBANK, S.A.","LIBERBANK, S.A.",,A86201993,CM,DE LA FUENTE DE LA MORA,5,,28050,MADRID,,ES,,0914225800,,0914225842,,,,0000,27/02/2017,06/09/2011,,28,LIBERBANK,S,,,,,,,,12,,"LIBERBANK, S.A.",LIBERBANK,ES,,,,,635400XT3V7WHLSFYY25,0485,,CECAESMM048
BP,2080,20000,"ABANCA CORPORACION BANCARIA, S.A.","ABANCA CORPORACION BANCARIA, S.A.",,A70302039,CL,CANTON CLAUDINO PITA,2,,15300,BETANZOS,A CORUÑA,ES,,0981187000,,0981223562,,,,0000,30/04/2018,16/09/2011,,15,ABANCA CORPORACION BANCAR,S,,,,,,,,11,,"ABANCA CORPORACION BANCARIA, S.A.",ABANCA CORPORAC,ES,,,,,54930056IRBXK0Q1FP96,0000,,CAGLESMMXXX
BP,2085,20000,"IBERCAJA BANCO, S.A.","IBERCAJA BANCO, S.A.",,A99319030,PZ,BASILIO PARAISO,2,,50008,ZARAGOZA,,ES,,0976767676,,0976216637,WWW.IBERCAJA.COM,,,0000,23/11/2016,30/09/2011,,50,,N,,,,,,,,02,,"IBERCAJA BANCO, S.A.",IBERCAJA BANCO,ES,,,,,549300OLBL49CW8CT155,0000,,CAZRES2ZXXX
BP,2095,20000,"KUTXABANK, S.A","KUTXABANK, S.A",,A95653077,CL,GRAN VIA,30-32,,48009,BILBAO,BIZKAIA,ES,,0944017526,,0944017326,,,,0000,31/05/2018,02/01/2012,,48,"KUTXABANK, S.A",S,,,,,,,,16,,"KUTXABANK, S.A","KUTXABANK, S.A",ES,,,,,549300U4LIZV0REEQQ46,0483,,BASKES2BXXX
BP,2100,20000,"CAIXABANK, S.A.","CAIXABANK, S.A.",,A08663619,CL,PINTOR SOROLLA,2-4,,46002,VALENCIA,,ES,,0934046000,,0934046723,WWW.CAIXABANK.ES,,,0000,24/08/2018,30/06/2011,,46,"CAIXABANK, S.A.",S,,,,,,,,15,,"CAIXABANK, S.A.","CAIXABANK, S.A.",ES,,,,,7CUNS533WID6K7DGFI87,0000,,CAIXESBBXXX
BP,2103,20000,"UNICAJA BANCO, S.A.","UNICAJA BANCO, S.A.",,A93139053,AV,ANDALUCIA,10-12,,29007,MALAGA,,ES,,0952138000,,0952287698,WWW.UNICAJA.ES,,,0000,24/10/2018,05/12/2011,,29,,N,,,,,,,,01,,"UNICAJA BANCO, S.A.",UNICAJA BANCO,ES,,,,,5493007SJLLCTM6J6M37,0000,,UCJAES2MXXX
SECC,0108,140000,"SOCIETE GENERALE, S.E.","SOCIETE GENERALE, SUCURSAL EN ESPAÑA",,W0011682B,PZ,PABLO RUIZ PICASSO,1,TORRE PICASSO,28020,MADRID,,ES,,0915898060,,0915893805,,,,0000,01/01/2009,10/06/1948,,28,,N,SOCIETE GENERALE,"29, BOULEVARD HAUSSMANN",75009 PARIS,,,,,12,,"SOCIETE GENERALE, S.E.",SOCIETE GENERAL,FR,,,,W,,0000,,SOGEESMMXXX
SECC,0131,140000,"NOVO BANCO, S.A., SUCURSAL EN ESPAÑA","NOVO BANCO, S.A., SUCURSAL EN ESPAÑA",,W0102800J,CL,SERRANO,88,,28006,MADRID,,ES,,0914005000,,0914005053,WWW.NOVOBANCO.ES,,,0000,27/02/2015,26/04/2007,,28,,N,"NOVO BANCO, S.A.","AVENIDA DA LIBERDADE, 195",1250-142 LISBOA,,,,,12,,"NOVO BANCO, S.A., S.E.","NOVO BANCO, S.A",PT,,,,,,0000,,BESMESMMXXX
SECC,0144,140000,"BNP PARIBAS SECURITIES SERVICES, S.E.","BNP PARIBAS SECURITIES SERVICES, SUCURSAL EN ESPAÑA",,W0012958E,CL,EMILIO VARGAS,4,,28043,MADRID,,ES,,0917625090,,0917624849,,,,0000,06/04/2017,29/12/2000,,28,,N,BNP PARIBAS SECURITIES SERVICES,3 RUE D'ANTIN,75002 PARIS,,,,,12,,"BNP PARIBAS SECURITIES SERVICES, SE",BNP PARIB.SEC,FR,CAMBIO DE DOMICILIO,,,D,,0000,,PARBESMXXXX
SECC,0145,140000,"DEUTSCHE BANK A.G., S.E.","DEUTSCHE BANK, A.G., SUCURSAL EN ESPAÑA",,W0041027D,PS,DE LA CASTELLANA,18,,28046,MADRID,,ES,,0915773577,,0915753921,,,,0000,25/03/2009,03/04/1979,,28,,N,"DEUTSCHE BANK, AKTIENGESELLSCHAFT",,60325 FRANKFURT AM MAIN,,,,,12,,"DEUTSCHE BANK A.G., S.E.","DB-A.G., S.E.",DE,CAMBIO DE DOMICILIO,,,D,,0000,,DEUTESM1XXX
SECC,0149,140000,"BNP PARIBAS S.A., S.E.","BNP PARIBAS S.A., SUCURSAL EN ESPAÑA",,W0011117I,CL,EMILIO VARGAS,4,,28043,MADRID,,ES,,0917623500,,0913888092,WWW.BNPPARIBAS.ES,,,0000,24/01/2017,30/03/1979,,28,,N,BNP PARIBAS,"BOULEVARD DES ITALIENS, 16",75009 PARIS,,,,,12,,"BNP PARIBAS S.A., S.E.",BNP PARIBAS S.A,FR,CAMBIO DE DOMICILIO,,,D,,0000,,BNPAESMSXXX
SECC,0152,140000,"BARCLAYS BANK PLC, S.E.","BARCLAYS BANK PLC, SUCURSAL EN ESPAÑA",,W0061418J,CL,DE JOSE ABASCAL,51,,28003,MADRID,,ES,,0913361221,,,,,,0000,26/04/2018,03/07/1979,,28,,N,BARCLAYS BANK PLC,1 CHURCHILL PLACE,LONDON E14 5HP,,00442076995000,,,12,,"BARCLAYS BANK PLC, S.E.","BARCLAYS, S.E.",GB,,,,,,0000,,BPLCESMMXXX
SECC,0154,140000,"CREDIT AGRICOLE CORPORATE AND INVESTMENT BANK,S.E.","CREDIT AGRICOLE CORPORATE AND INVESTMENT BANK, SUCURSAL EN ESPAÑA",,W0011043G,PS,DE LA CASTELLANA,1,,28046,MADRID,,ES,,0914327200,,0914327500,,,,0000,10/01/2018,16/10/1979,,28,,N,CREDIT AGRICOLE CORPORATE AND INVESTMENT BANK,"12, PLACE DES ETATS-UNIS CS 70052",92120 MONTROUGE CEDEX,,,,,12,,"CREDIT AGRIC.CORP.INVEST. BANK, S.E",CREDIT AGRICOLE,FR,,,,W,,0000,,BSUIESMMXXX
SECC,0155,140000,"BANCO DO BRASIL AG, SUCURSAL EN ESPAÑA","BANCO DO BRASIL AG, SUCURSAL EN ESPAÑA",,W5081236A,PS,DE LA CASTELLANA,259-C,PL. 22,28046,MADRID,,ES,,0914232500,,0914232520,madri@bb.com.br,,,0000,29/01/2014,29/01/2014,,28,,N,BANCO DO BRASIL AKTIENGESELLSCHAFT,"GALAXY TOWER, PRATERSTRASSE 31/4 OG",1020-VIENA (AUSTRIA),,,,,12,,"BANCO DO BRASIL AG, S.E.",BANCO DO BRASIL,AT,ALTA,,,A,,0155,,BRASESMMXXX
SECC,0159,140000,"COMMERZBANK AKTIENGESELLSCHAFT, S.E.","COMMERZBANK AKTIENGESELLSCHAFT, SUCURSAL EN ESPAÑA",,W0041282E,PS,DE LA CASTELLANA,259-C,"TORRE DE CRISTAL, PLANTA 32",28046,MADRID,,ES,,0915724700,,0915724821,,,,0000,09/01/2017,12/03/1980,,28,,N,COMMERZBANK AKTIENGESELLSCHAFT,KAISERPLATZ,D-60261 FRANKFURT AM MAIN,,,,,12,,"COMMERZBANK A.G., S.E.",COMMERZBANK,DE,CAMBIO DE DOMICILIO,,,D,,0000,,COBAESMXTMA
SECC,0160,140000,"MUFG BANK (EUROPE) N.V., SUCURSAL EN ESPAÑA","MUFG BANK (EUROPE) N.V., SUCURSAL EN ESPAÑA",,W0030474A,CL,JOSE ORTEGA Y GASSET,29,,28006,MADRID,,ES,,0914328500,,0914328597,,,,0000,02/04/2018,01/04/2018,,28,,N,MUFG BANK (EUROPE) N.V.,"WORLD TRADE CENTER. TOWER I, LEVEL 5. STRAWINSKYLAAN 1887.",AMSTERDAM,1077 XX,,,,12,,"MUFG BANK (EUROPE) N.V., S.E.",MUFG BANK (EURO,NL,ALTA,,,A,,0000,,BOTKESMXXXX
SECC,0162,140000,"HSBC BANK PLC, S.E.","HSBC BANK PLC, SUCURSAL EN ESPAÑA",,W0061401F,PZ,PABLO RUIZ PICASSO,1,"PL.33, TORRE PICASSO",28020,MADRID,,ES,,0914566100,,0914566200,,,,0000,11/01/2013,07/04/1981,,28,,N,HSBC BANK PLC,8 CANADA SQUARE,LONDON E14 5HQ,,,,,12,,"HSBC BANK PLC, S.E.",HSBC BANK,GB,,,,,,0000,,MIDLESMMXXX
SECC,0167,140000,"BNP PARIBAS FORTIS, S.A., N.V., S.E.","BNP PARIBAS FORTIS, S.A., N.V., SUCURSAL EN ESPAÑA",,W0021127F,CL,EMILIO VARGAS,4,,28043,MADRID,,ES,,0917623500,,0913888092,WWW.FORTISBANK.COM,,,0000,08/05/2017,25/08/1982,,28,,N,"FORTIS BANK, S.A.-N.V.","MONTAGNE DU PARC, 3",B-1000 BRUSSELS,,,,,12,,"BNP PARIBAS FORTIS, S.A., N.V., S.E",BNP PARIBAS F.,BE,CAMBIO DE DOMICILIO,,,D,,0000,,GEBAESMMXXX
SECC,0190,140000,"BANCO BPI, S.A., S.E.","BANCO BPI, S.A., SUCURSAL EN ESPAÑA",,W0401036I,PS,DE LA CASTELLANA,40,BIS,28046,MADRID,,ES,,0913289800,,0915766387,,,,0000,01/01/2009,12/09/1989,,28,,N,"BANCO BPI, S.A.","RUA TENENTE VALADIM, 284",4100-476 PORTO,,,,,12,,"BANCO BPI, S.A., S.E.","BANCO BPI, S.E.",PT,,,,W,,0000,,BBPIESMMXXX
SECC,0218,140000,FCE BANK PLC S.E.,FCE BANK PLC SUCURSAL EN ESPAÑA,,W0063712D,CL,CALENDULA,13,,28109,ALCOBENDAS,MADRID,ES,,0917145317,,0917145372,,,,0000,01/01/2009,13/10/1993,,28,,N,FCE BANK PLC,"JUBILEE HOUSE, THE DRIVE, BRENTWOOD",ESSEX CM13 3AR,,,,,12,,FCE BANK PLC S.E.,FCE BANK,GB,,,,W,,0000,,FCEFESM1XXX
SECC,0226,140000,"UBS EUROPE SE, SUCURSAL EN ESPAÑA","UBS EUROPE SE, SUCURSAL EN ESPAÑA",,W2760881I,CL,MARIA DE MOLINA,4,,28006,MADRID,,ES,,0917457000,,0915633666,,,,0000,29/12/2016,01/12/2016,,28,,N,UBS EUROPE SE,"OPERNTURM. BOCKENHEIMER LANDSTRASSE, 2-4",FRANKFURT AM MAIN,60306,,,,12,,"UBS EUROPE SE, S.E.","UBS EUROPE SE,",DE,CAMBIO DE DENOMINACION,,,N,,0000,,UBSWESMMXXX
SECC,0231,140000,"DEXIA CREDIT LOCAL, SUCURSAL EN ESPAÑA","DEXIA CREDIT LOCAL, SUCURSAL EN ESPAÑA",,W2500594C,CL,MAHONIA,2,4ª PLANTA,28043,MADRID,,ES,N,0917213327,,,,,,0000,02/11/2016,01/11/2016,,28,,N,DEXIA CREDIT LOCAL,"1, PASSERELLE DES REFLETS. TOUR DEXIA LA DEFENSE 2. TSA 92202",LA DEFENSE CEDEX,92919,33158587777,33158587000,WWW.DEXIA-CREDITLOCAL.FR,12,,"DEXIA CREDIT LOCAL, S.E.",DEXIA CREDIT LO,FR,ALTA,,,A,,0000,,DSBLESMMXXX
SECC,1451,140000,"CAISSE REGIONALE CREDIT AGRICOLE MUTUEL SUD MED,SE","CAISSE REGIONALE DE CREDIT AGRICOLE MUTUEL SUD MEDITERRANEE (ARIEGE ET  PYRENEES ORIENTALES), S.E.",,W0011887G,CL,CORCEGA,301,,8008,BARCELONA,,ES,,0932179900,,0932375309,,,,0000,14/10/2009,30/12/1993,,08,,N,CAISSE REGIONALE DE CREDIT AGRICOLEMUTUEL SUD MEDITERRANEE (ARIEGE ET PYRENEES ORIENTALES),30 RUE BRETONNEAU,66000 PERPIGNAN,,,,,09,,CAISSE REG.CREDIT AGRICOLE MUTUEL,CREDIT SUDMED,FR,,,,W,,0000,,
SECC,1457,140000,"DE LAGE LANDEN INTERNATIONAL B.V., S.E.","DE LAGE LANDEN INTERNATIONAL B.V.,  SUCURSAL EN ESPAÑA",,W0031602F,CL,JOSE BARDASANO BAOS,9,"PL. 5, EDIF.GORBEA 3",28016,MADRID,,ES,,0913846600,,0913848169,,,,0000,28/10/2011,08/05/1996,,28,,N,DE LAGE LANDEN INTERNATIONAL B.V.,"VESTDIJK 51,",5611 CA EINDHOVEN,,,,,12,,"DE LAGE LANDEN INTERNATIONAL BV,SE",LAGE LANDEN INT,NL,,,,,,0000,,LLISESM1XXX
SECC,1459,140000,COOPERATIEVE RABOBANK U.A. SUCURSAL EN ESPAÑA,COOPERATIEVE RABOBANK U.A. SUCURSAL EN ESPAÑA,,W0031750C,CL,RAFAEL CALVO,39,PL. 1,28010,MADRID,,ES,,0914364010,,0914364020,,,,0000,05/04/2016,14/01/1998,,28,,N,COOPERATIEVE RABOBANK U.A.,CROESELAAN 18,3521 CB UTRECHT,,31302162758,31302161916,,12,,COOPERATIEVE RABOBANK U.A. S.E.,COOP. RABOBANK,NL,CAMBIO DE DENOMINACION,,,N,,0000,,PRABESMMXXX
SECC,1465,140000,ING BANK N.V. SUCURSAL EN ESPAÑA,"ING BANK, N.V. SUCURSAL EN ESPAÑA",,W0037986G,CL,"SEVERO OCHOA, 2",,,28232,LAS ROZAS,MADRID,ES,,0916349200,,0916349231,,,,0000,01/04/2014,01/04/2014,,28,,N,ING BANK N.V.,BIJLMERPLEIN 888,1102MG AMSTERDAM,,310205761797,310205760950,,12,,"ING BANK, N.V. S.E.",ING BANK,NL,ALTA,,,A,,0000,,INGDESMMXXX
SECC,1470,140000,"BANCO PORTUGUES DE INVESTIMENTO, S.A. S.E.","BANCO PORTUGUES DE INVESTIMENTO, S.A. SUCURSAL EN ESPAÑA",,W0101346E,PS,DE LA CASTELLANA,40,BIS - PL. 3,28046,MADRID,,ES,,0917814603,,0917814607,,,,0000,01/01/2009,12/01/2000,,28,BPI,S,"BANCO PORTUGUES DE INVESTIMENTO,   S.A.","RUA TENENTE VALADIM, 284",4100-000 PORTO,,,,,12,,"BANCO PORTUGUES INVESTIMENTO,S.A.SE",BPI,PT,,,,W,,0000,,BPIPESM1XXX
SECC,1472,140000,"CREDIT AGRICOLE LEASING & FACTORING, S.E.","CREDIT AGRICOLE LEASING & FACTORING, SUCURSAL EN ESPAÑA",,W0012760E,PS,DE LA CASTELLANA,1,BAJO,28046,MADRID,,ES,,0917820210,,0917820211,,,,0000,05/07/2010,03/02/2000,,28,CA-LEASING,S,CREDIT AGRICOLE LEASING & FACTORING,1-3 RUE DU PASSEUR DE BOULOGNE,92861 ISSY LES MOULINEAUX CEDEX 9,,,,,12,,CREDIT AGRICOLE LEASING & FACTORING,CA-LEASING,FR,CAMBIO DE DENOMINACION,,,N,,0000,,UCSSESM1XXX
SECC,1473,140000,"EDMOND DE ROTHSCHILD (EUROPE), S.E","EDMOND DE ROTHSCHILD (EUROPE), SUCURSAL EN ESPAÑA",,W1081034I,PS,DE LA CASTELLANA,55,,28046,MADRID,,ES,,0913646600,,0913646663,,,,0000,25/07/2014,02/10/2000,,28,,N,BANQUE PRIVEE EDMOND DE ROTHSCHILD LUXEMBOURG,"20, BOULEVARD EMMANUEL SERVAIS",L-2535 LUXEMBOURG,,,,,12,,"EDMOND DE ROTHSCHILD (EUROPE), S.E.",EDMOND ROTHSCHI,LU,CAMBIO DE DENOMINACION,,,N,,0000,,PRIBESMXXXX
SECC,1474,140000,CITIBANK EUROPE PLC SUCURSAL EN ESPAÑA,"CITIBANK EUROPE PLC, SUCURSAL EN ESPAÑA",,W0073078H,CL,JOSE ORTEGA Y GASSET,29,EDIFICIO BEATRIZ,28006,MADRID,,ES,N,0915384100,,0915784412,,,,0000,04/01/2016,04/01/2016,,28,,N,CITIBANK EUROPE PLC,1 NORTH WALL QUAY,DUBLIN 1,,,,,12,,"CITIBANK EUROPE PLC, S.E.",CITIBANK EUROPE,IE,ALTA,,,A,,0000,,CITIESMXSEC
SECC,1479,140000,"NATIXIS, S.A., S.E.","NATIXIS, S.A., SUCURSAL EN ESPAÑA",,W0013055I,CL,SERRANO,90,,28006,MADRID,MADRID,ES,N,0911117700,,0915774562,,,,0000,28/06/2018,10/07/2001,,28,,N,"NATIXIS, S.A.","30, AVENUE PIERRE MENDÈS-FRANCE",75013 PARIS,,,,,12,,"NATIXIS, S.A., S.E.",NATIXIS,FR,,,,,,0000,,NATXESMMXXX
SECC,1480,140000,"VOLKSWAGEN BANK GMBH, S.E.","VOLKSWAGEN BANK GMBH, SUCURSAL EN ESPAÑA",,W0042741I,AV,DE BRUSELAS,34,,28108,ALCOBENDAS,MADRID,ES,,0914535100,,0914535273,WWW.VWBSTOCK.COM,,,0000,06/05/2015,03/12/2001,,28,,N,VOLKSWAGEN BANK GMBH,"GIFHORNER STRASSE, 57",D-38112 BRAUNSCHWEIG,,,,,12,,"VOLKSWAGEN BANK GMBH, S.E.",VOLKSWAGEN BANK,DE,,,,,,0000,,VOWAES21XXX
SECC,1482,140000,"JOHN DEERE BANK, S.A., S.E.","JOHN DEERE BANK, S.A., SUCURSAL EN  ESPAÑA",,N1181021E,,BULEVAR JOHN DEERE,2,,28984,PARLA,MADRID,ES,,0916009558,,0916009516,,,,0000,22/02/2010,07/06/2002,,28,,N,"JOHN DEERE BANK, S.A.",43 AVENUE JOHN F. KENNEDY                                        BP 1685,L-1016 LUXEMBOURG,,,,,12,,"JOHN DEERE BANK, S.A., S.E.",JOHN DEERE,LU,CAMBIO DE DOMICILIO,,,D,,0000,,
SECC,1485,140000,BANK OF AMERICA MERRILL LYNCH INTERNATIONAL LTD SE,"BANK OF AMERICA MERRILL LYNCH INTERNATIONAL LIMITED, SUCURSAL EN ESPAÑA",,W8265556D,CL,MARQUES DE VILLAMAGNA,3,"TORRE SERRANO, PLANTA 8",28001,MADRID,,ES,,0915143000,,0915143001,EMEA_Madridclient@bankofamerica.com,,,0000,03/08/2015,03/08/2015,,28,,N,BANK OF AMERICA MERRILL LYNCH INTERNATIONAL LIMITED,2 KING EDWARD STREET,LONDRES EC1A 1HQ,,,,,12,,"BAMLI, S. E.","BAMLI, S. E.",GB,ALTA,,,A,,0000,,BOFAES2XXXX
SECC,1487,140000,"TOYOTA KREDITBANK GMBH, S.E.","TOYOTA KREDITBANK GMBH, SUCURSAL EN ESPAÑA",,W0043045D,AV,DE BRUSELAS,22,ARROYO DE LA VEGA,28108,ALCOBENDAS,MADRID,ES,,0911513400,,0915860341,,,,0000,14/09/2010,11/04/2003,,28,,N,TOYOTA KREDITBANK GMBH,"TOYOTA ALLEE, 5",50858 COLONIA,,,,,12,,"TOYOTA KREDITBANK GMBH, S.E.",TOYOTA,DE,,,,,,0000,,
SECC,1488,140000,"PICTET & CIE (EUROPE), S.A., S.E.","PICTET & CIE (EUROPE), S.A., SUCURSAL EN ESPAÑA",,W0032377D,CL,HERMOSILLA,11,,28001,MADRID,,ES,,0915382500,,0915783954,,,,0000,21/12/2010,05/05/2003,,28,,N,PICTET & CIE (EUROPE) S.A.,"15A, AVENUE J.F. KENNEDY",L-1855 LUXEMBOURG,,,,,12,,"PICTET & CIE (EUROPE), S.A., S.E.",PICTET & CIE,LU,,,,,,0000,,PICTESMMXXX
SECC,1491,140000,"TRIODOS BANK, N.V., S.E.","TRIODOS BANK, N.V., S.E.",,W0032597G,CL,JOSE ECHEGARAY,5,PQ. EMP.LAS ROZAS,28230,LAS ROZAS,MADRID,ES,,0916404684,,0916405444,WWW.TRIODOS.ES,,,0000,01/01/2009,26/04/2004,,28,,N,"TRIODOS BANK, N.V.",3704 HE ZEIST,UTRECHTSEWEG 60,,,,,12,,"TRIODOS BANK, N.V., S.E.",TRIODOS BANK,NL,,,,W,,0000,,TRIOESMMXXX
SECC,1492,140000,"BNP PARIBAS LEASE GROUP, S.A. S.E.",BNP PARIBAS LEASE GROUP S.A. SUCURSAL EN ESPAÑA,,W0013547E,CL,ESTRELLA DENEBOLA,8,PL. 3,28045,MADRID,,ES,,0914682048,,0915273975,,,,0000,04/04/2017,20/05/2004,,28,BNP PARIBAS,S,"BNP PARIBAS LEASE GROUP, S.A.",46-52 RUE ARAGO,92800 PUTEAUX,,,,,12,,"BNP PARIBAS LEASE GROUP, S.A. S.E.",BNP PARIBAS,FR,CAMBIO DE DOMICILIO,,,D,,0000,,
SECC,1493,140000,"CAIXA BANCO DE INVESTIMENTO, S.A., S.E.","CAIXA BANCO DE INVESTIMENTO, S.A. SUCURSAL EN ESPAÑA",,W0101947J,PS,DE LA CASTELLANA,30,BAJO DERECHA,28046,MADRID,,ES,,0917450540,,0915639559,,,,0000,23/07/2015,29/10/2004,,28,,N,"CAIXA BANCO DE INVESTIMENTO, S.A.","RUA BARATA SALGUEIRO, 33",LISBOA,,,,,12,,"CAIXA BANCO DE INVESTIMENTO,SA, SE",CAIXABI,PT,CAMBIO DE DOMICILIO,,,D,,0000,,
SECC,1494,140000,"INTESA SANPAOLO S.P.A., S.E.","INTESA SANPAOLO S.P.A., SUCURSAL EN ESPAÑA",,W0051962I,PS,DE LA CASTELLANA,31,"EDIF. PIRAMIDE, PLANTA 6ª A",28046,MADRID,,ES,,0913490400,,0913197722,,,,0000,07/02/2017,19/11/2004,,28,,N,INTESA SANPAOLO S.P.A.,"PIAZZA SAN CARLO, 156",TURIN,,,,,12,,"INTESA SANPAOLO S.P.A., S.E.",INTESA SANPAOLO,IT,CAMBIO DE DOMICILIO,,,D,,0000,,BCITESMMXXX
SECC,1496,140000,"GENEFIM, S.E.","GENEFIM, SUCURSAL EN ESPAÑA",,W0011685E,PZ,PABLO RUIZ PICASSO,1,TORRE PICASSO,28020,MADRID,,ES,,0915893967,,0915893976,,,,0000,06/07/2012,23/06/2005,,28,,N,GENEFIM,29 BOULEVARD HAUSSMANN,PARIS (75009),,,,,12,,"GENEFIM, S.E.",GENEFIM,FR,,,,,,0000,,
SECC,1497,140000,"HAITONG BANK, S.A., SUCURSAL EN ESPAÑA","HAITONG BANK, S.A., SUCURSAL EN ESPAÑA",,W0102170H,CL,SERRANO,88,PL. 4,28006,MADRID,,ES,,0914005435,,0914005388,,,,0000,19/11/2015,16/09/2005,,28,,N,"HAITONG BANK, S.A.","RUA ALEXANDRE HERCULANO, 38",1269-161 LISBOA,,,,,12,,"HAITONG BANK, S.A. S.E.","HAITONG BANK, S",PT,CAMBIO DE DENOMINACION,,,N,,0000,,ESSIESMMXXX
SECC,1499,140000,"CLAAS FINANCIAL SERVICES, S.A.S., S.E.","CLAAS FINANCIAL SERVICES, S.A.S., SUCURSAL EN ESPAÑA",,W0014060H,CL,ESTRELLA DENEBOLA,8,3ª PLANTA,28045,MADRID,,ES,,0914682048,,0915300019,,,,0000,28/03/2016,11/10/2005,,28,,N,"CLAAS FINANCAL SERVICES, S.A.S.","46/52 RUE ARAGO, LE MéTROPOLE - LA DEFENSE",92800 PUTEAUX (HAUTS-DE-SIENE),,,,,12,,"CLAAS FINANCIAL SERVICES, S.A.S.,SE",CLAAS FINANCIAL,FR,CAMBIO DE DOMICILIO,,,D,,0000,,
SECC,1500,140000,"NATIXIS LEASE S.A., S.E.","NATIXIS LEASE, S.A., SUCURSAL EN ESPAÑA",,W0013984J,CL,SERRANO,90,,28006,MADRID,MADRID,ES,,0918374717,,0918374733,,,,0000,24/05/2018,20/10/2005,,28,,N,"NATIXIS LEASE, SOCIETE ANONYME",115 RUE MONTMARTRE,75002 PARIS,,,,,12,,"NATIXIS LEASE S.A., S.E.",NATIXIS LEASE,FR,CAMBIO DE DOMICILIO,,,D,,0000,,
SECC,1501,140000,"DEUTSCHE PFANDBRIEFBANK AG, S.E.","DEUTSCHE PFANDBRIEFBANK AG, SUCURSAL EN ESPAÑA",,W0046318B,CL,MONTESQUINZA,30,PL. 4,28010,MADRID,,ES,,0913493200,,0913493320,,,,0000,16/12/2010,17/02/2009,,28,,N,DEUTSCHE PFANDBRIEFBANK AG,VON-DER-TANN-STRABE 2,D-80539 MÜNCHEN,,,,,12,,"DEUTSCHE PFANDBRIEFBANK AG, S.E.",DEUTSCHE PFANDB,DE,,,,,,0000,,DPBBESM1XXX
SECC,1504,140000,"HONDA BANK GMBH, S.E.","HONDA BANK GMBH, SUCURSAL EN ESPAÑA",,W0044283J,CL,MAR DEL NORD,1,,8130,SANTA PERPETUA DE LA MOGODA,BARCELONA,ES,,0933784800,,0933780011,,,,0000,07/11/2016,27/07/2006,,08,,N,HONDA BANK GMBH,HANAUER LANDSTR. 222-224,60314 FRANKFURT AM MAIN,,,,,09,,"HONDA BANK GMBH, S.E.",HONDA BANK,DE,,,,,,0000,,
SECC,1508,140000,"RCI BANQUE, S.A., S.E.","RCI BANQUE, S.A., SUCURSAL EN ESPAÑA",,W0014596A,AV,DE EUROPA,1,EDIFICIO A,28108,ALCOBENDAS,MADRID,ES,,0902137137,,0913794415,,,,0000,06/11/2017,12/02/2007,,28,,N,RCI BANQUE,14 AVENUE DU PAVE NEUF,93168 NOISY-LE-GRAND CEDEX,,,,,12,,"RCI BANQUE, S.A., S.E.",RCI BANQUE,FR,CAMBIO DE DOMICILIO,,,D,,0000,,
SECC,1509,140000,"BANCO PRIMUS, S.A., S.E.","BANCO PRIMUS, S.A., SUCURSAL EN ESPAÑA",,W0102570I,AV,"DEL PARTENON, 10 - PL. 2",BLQ. OESTE,EDF. CENTRO INTERNACIONAL DE COMERCIO,28042,MADRID,MADRID,ES,,0911781100,,0914905338,WWW.BANCOPRIMUS.ES,,,0000,20/02/2014,19/01/2007,,28,,N,"BANCO PRIMUS, S.A.","QUINTA DA FONTE - ED. DON JOAO I, 1A                             FREGUESIA DE PAÇO DOS ARCOS",2770-192 PAÇO DOS ARCOS. CONCELHO D,E OEIRAS,,,,12,,"BANCO PRIMUS, S.A., S.E.",BANCO PRIMUS,PT,CAMBIO DE DOMICILIO,,,D,,0000,,
SECC,1512,140000,"ELAVON FINANCIAL SERVICES DAC, S.E.","ELAVON FINANCIAL SERVICES DESIGNATED ACTIVITY COMPANY, SUCURSAL EN ESPAÑA",,W0071818I,AV,BRUSELAS,36,PLANTA 3,28108,ALCOBENDAS,MADRID,ES,,0914176946,,0915562880,,,,0000,11/11/2016,06/06/2007,,28,,N,ELAVON FINANCIAL SERVICES DESIGNATED ACTIVITY COMPANY,"FIRST FLOOR, FITZWILTON HOUSE, WILTON PLACE",DUBLIN 2,,,,,12,,ELAVON FINANCIAL SERVICES DAC,ELAVON,IE,CAMBIO DE DENOMINACION,,,V,,0000,,
SECC,1513,140000,"CAIXA GERAL DE DEPOSITOS, S.A. SUCURSAL EN ESPAÑA","CAIXA GERAL DE DEPOSITOS, S.A. SUCURSAL EN ESPAÑA",,W0103739I,CL,JUAN IGNACIO LUCA DE TENA,1,,28027,MADRID,,ES,,0913099023,,0913209275,,,,0000,04/05/2012,05/07/2007,,28,,N,"CAIXA GERAL DE DEPOSITOS, S.A.","AVENIDA JOÁO XXI, 63",1000-300 LISBOA,,,,,12,,"CAIXA GERAL DE DEPOSITOS, S.A. SE",CAIXA GERAL SE,PT,,,,,,0000,,
SECC,1514,140000,"CNH INDUSTRIAL FINANCIAL SERVICES, S.E.","CNH INDUSTRIAL FINANCIAL SERVICES, SUCURSAL EN ESPAÑA",,W0103662C,AV,JOSE GARATE,11,,28820,COSLADA,MADRID,ES,,0916603800,,0916602260,,,,0000,29/07/2014,25/06/2007,,28,,N,"CNH INDUSTRIAL FINANCIAL SERVICES, S.A.S.",16-18 RUE ROCHETTES,91150 MORIGNY CHAMPIGNY,,,,,12,,CNH INDUSTRIAL FINANCIAL SERVICES,CNH,FR,CAMBIO DE DENOMINACION,,,N,,0000,,
SECC,1516,140000,"J.P. MORGAN INTERNATIONAL BANK LIMITED, S.E.","J.P. MORGAN INTERNATIONAL BANK LIMITED, SUCURSAL EN ESPAÑA",,W0069849H,PS,DE LA CASTELLANA,31,,28046,MADRID,,ES,,0915161200,,0915161616,,,,0000,04/10/2017,27/09/2007,,28,,N,J.P. MORGAN INTERNATIONAL BANK     LIMITED,125 LONDON WALL,LONDRES EC2Y 5AJ,,,,,12,,J.P. MORGAN INTERNATIONAL BANK LTD.,JP MORGAN INT,GB,,,,,,0000,,
SECC,1520,140000,"MEDIOBANCA, S.E.","MEDIOBANCA, SUCURSAL EN ESPAÑA",,W0053354G,CL,JORGE MANRIQUE,12,,28006,MADRID,,ES,,0915158100,,0915158254,,,,0000,01/01/2009,14/01/2008,,28,,N,"MEDIOBANCA BANCA DI CREDITO        FINANZIARIO, S.P.A.","PIAZZETTA ENRICO CUCCIA, 1                                       CAP 20121",MILAN,,,,,12,,"MEDIOBANCA, S.E.","MEDIOBANCA, S.E",IT,,,,W,,0000,,
SECC,1521,140000,"BINCKBANK NV, S.E.","BINCKBANK NV, SUCURSAL EN ESPAÑA",,W0034369I,CR,DE CADIZ KM. 179,,UR. LA CAROLINA. EDIFICIO ARIES. LOCAL N,29602,MARBELLA,MALAGA,ES,,0952924011,,0952924398,,,,0000,29/01/2018,23/05/2008,,29,,N,BINCKBANK NV,"VIJZELSTRAAT, 20",1017 HK AMSTERDAM,,,,,01,,"BINCKBANK NV, S.E.",BINCKBANK,NL,CAMBIO DE DOMICILIO,,,D,,0000,,
SECC,1523,140000,"MERCEDES-BENZ BANK AG, SUCURSAL EN ESPAÑA","MERCEDES-BENZ BANK AG, SUCURSAL EN  ESPAÑA",,W0045551I,AV,DE BRUSELAS,30,,28108,ALCOBENDAS,MADRID,ES,,0914846000,,0914846001,,,,0000,01/01/2009,19/03/2008,,28,,N,MERCEDES-BENZ BANK AG,SIEMENSSTR. 7,70469 STUTTGART,,071125740,071125748005,WWW.DAILERCHRYSLER-BANK.COM,12,,"MERCEDES-BENZ BANK AG, S.E.",MERCEDES-BENZ B,DE,,,,W,,0000,,
SECC,1524,140000,"UNIONE DI BANCHE ITALIANE, S.P.A., S.E.","UNIONE DI BANCHE ITALIANE, S.P.A., SUCURSAL EN ESPAÑA",,W0056713A,PS,CASTELLANA,259,TORRE ESPACIO PL. 45,28046,MADRID,,ES,,0913344061,,,,,,0000,03/04/2017,01/04/2017,,28,,N,"UNIONE DI BANCHE ITALIANE, S.P.A.","8, PIAZZA VITTORIO VENETO",BERGAMO,24122,,,,12,,"UNIONE DI BANCHE ITALIANE,SPA, S.E.",UNIONE DI BANCH,IT,ALTA,,,A,,0000,,UBIBESMMXXX
SECC,1525,140000,"BANQUE CHAABI DU MAROC, S.E.","BANQUE CHAABI DU MAROC, SUCURSAL EN ESPAÑA",,W0015442G,AV,DEL DOCTOR ARCE,35,,28002,MADRID,,ES,,0915630648,,0915630220,WWW.CHAABIBANK.ES,,,0000,10/04/2015,06/06/2008,,28,,N,BANQUE CHAABI DU MAROC,49 AVENUE KLEBER 75016,PARIS,,,,,12,,"BANQUE CHAABI DU MAROC, S.E.",BANQUE CHAABI,FR,,,,,,0000,,BCDMESM1XXX
SECC,1531,140000,"CREDIT SUISSE INTERNATIONAL,S.E.","CREDIT SUISSE INTERNATIONAL, SUCURSAL EN ESPAÑA",,W8260387I,CL,AYALA,42,PL. 3B,28001,MADRID,,ES,,0917915907,,0917916009,,,,0000,28/05/2009,28/05/2009,,28,,N,CREDIT SUISSE INTERNATIONAL,ONE CABOT SQUARE,LONDRES E144QJ,,,,,12,,"CREDIT SUISSE INTERNATIONAL,S.E.",CREDIT SUISSE I,GB,ALTA,,,A,,0000,,
SECC,1532,140000,"BNP PARIBAS FACTOR, S.A. S.E.","BNP PARIBAS FACTOR, S.A. SUCURSAL EN ESPAÑA",,W0016167I,CL,EMILIO VARGAS,4,,28043,MADRID,,ES,,0917670679,,0913888092,,,,0000,03/05/2017,24/06/2009,,28,,N,"BNP PARIBAS FACTOR, S.A.",LE METROPOLE                                                     46-52 RUE ARAGO,92823 PUTEAUX CEDEX,,,,,12,,"BNP PARIBAS FACTOR, S.A. S.E.",BNP PARIBAS FAC,FR,CAMBIO DE DOMICILIO,,,D,,0000,,
SECC,1533,140000,"BMW BANK GMBH, SUCURSAL EN ESPAÑA","BMW BANK GMBH, SUCURSAL EN ESPAÑA",,W0047044C,AV,DE BURGOS,118,,28050,MADRID,,ES,,0913350700,,0913350706,,,,0000,03/11/2009,03/11/2009,,28,,N,BMW BANK GMBH,"HEIDEMANNSTR, 164",D-80939 MUNICH,,08931844599,08931844711,,12,,"BMW BANK GMBH,S.E.",BMW BANK,DE,ALTA,,,A,,0000,,
SECC,1534,140000,"KBL EUROPEAN PRIVATE BANKERS, S.A. S.E.","KBL EUROPEAN PRIVATE BANKERS, S.A., SUCURSAL EN ESPAÑA",,W0182154E,CL,SERRANO,57,,28006,MADRID,,ES,,0914232200,,0914232270,,,,0000,18/09/2017,30/11/2009,,28,,N,"KBL EUROPEAN PRIVATE BANKERS, S.A.,",43 BOULEVARD ROYAL,L-2955 LUXEMBURGO,,+35247972320,+352479773900,,12,,"KBL EUROPEAN PRIV. BANK.,S.A,S.E.",KBL BANKERS,LU,,,,,,0000,,KBLXESMMXXX
SECC,1535,140000,"AKF BANK GMBH & CO KG, S.E.","AKF BANK GMBH & CO KG, SUCURSAL EN  ESPAÑA",,W0047018G,AV,DE EUROPA,"12, 3 C",PQ.EMPR.LA MORALEJA,28108,ALCOBENDAS,MADRID,ES,,0916572296,,0914904493,WWW.AKF.ESPANA.ES,,,0000,21/01/2010,21/01/2010,,28,,N,AKF BANK GMBH & CO KG,100307 FRIEDRICHSTR. 51,WUPPERTAL,,,,,12,,"AKF BANK GMBH & CO KG, S.E.",AKF,DE,ALTA,,,A,,0000,,AKFBDE31XXX
SECC,1536,140000,OREY FINANCIAL-INSTITUIÇAO FINANC. CTO. S.A. S.E.,"OREY FINANCIAL-INSTITUIÇAO FINANCEIRA DE CREDITO, S.A. SUCURSAL EN ESPAÑA",,W0104784D,CL,SUERO DE QUIÑONES,38,2 - I,28002,MADRID,,ES,,0911269055,,0913896493,WWW.OREYITRADE.ES,,,0000,06/09/2018,03/05/2010,,28,,N,"OREY FINANCIAL-INSTITUIÇAO         FINANCEIRA DE CREDITO, S.A.","RUA MARIA LUISA HOLSTEIN, Nç 20",1300-388 LISBOA,,1213407000,1213407010,WWW.OREY.COM,12,,"OREY FINANCIAL- IFIC, S.E.",OREY FINANCIAL,PT,CAMBIO DE DOMICILIO,,,D,,0000,,
SECC,1538,140000,"INDUSTRIAL & COMMERCIAL BANK OF CHINA(EUROPE)SA,SE","INDUSTRIAL AND COMMERCIAL BANK OF CHINA (EUROPE) S.A., SUCURSAL EN ESPAÑA",,W0182368A,PS,DE RECOLETOS,12,,28001,MADRID,,ES,,0912168888,,0912168866,WWW.ICBC.COM.ES,,,0000,10/09/2014,18/10/2010,,28,ICBC (EUROPE),S,INDUSTRIAL AND COMMERCIAL BANK OF  CHINA (EUROPE) S.A.,32 BOULEVARD ROYAL,L-2440 LUXEMBOURG,,,,,12,,INDUST.COMMERC. BANK CHINA (EUROPE),ICBC (EUROPE),LU,CAMBIO DE DOMICILIO,,,D,,0000,,ICBKESM1XXX
SECC,1539,140000,"BIGBANK AS CONSUMER FINANCE, S.E.","BIGBANK AS CONSUMER FINANCE, SUCURSAL EN ESPAÑA",,W0531072G,AV,GENERAL PERON,27,PLANTA 3,28020,MADRID,,ES,,0911401924,,0912180119,INFO@BIGBANK.ES,,,0000,07/04/2017,19/01/2011,,28,,N,BIGBANK AS,RüüTLI 23,51006 TARTU,,,,,12,,"BIGBANK AS CONSUMER FINANCE, S.E.",BIGBANK AS CONS,EE,CAMBIO DE DOMICILIO,,,D,,0000,,
SECC,1541,140000,"ATTIJARIWAFA BANK EUROPE, S.E.","ATTIJARIWAFA BANK EUROPE, SUCURSAL  EN ESPAÑA",,W0017314F,CL,BRAVO MURILLO,210,,28020,MADRID,,ES,,0915632775,,0915643420,,,,0000,27/04/2011,27/04/2011,,28,,N,ATTIJARIWAFA BANK EUROPE S.A.,6 RUE CHAUCHAT,PARIS,,,,,12,,"ATTIJARIWAFA BANK EUROPE, S.E.",ATTIJARIWAFA BA,FR,ALTA,,,A,,0000,,BCMAESM1XXX
SECC,1542,140000,"J.P. MORGAN SECURITIES PLC, S.E.","J.P. MORGAN SECURITIES PLC, SUCURSAL EN ESPAÑA",,W0068121C,PS,DE LA CASTELLANA,31,,28046,MADRID,,ES,,0915161200,,0915161616,,,,0000,10/01/2017,01/07/2011,,28,,N,J.P. MORGAN SECURITIES PLC,25 BANK STREET                                                   CANARY WHARF,LONDON E14 5JP,,,,,12,,"J.P. MORGAN SECURITIES PLC, S.E.",J.P. MORGAN SEC,GB,,,,,,0000,,
SECC,1543,140000,"COFIDIS, S.A. SUCURSAL EN ESPAÑA","COFIDIS, S.A. SUCURSAL EN ESPAÑA",,W0017686G,PZ,DE LA PAU,S/N,"EDIFICIO WTC, AP1",8940,CORNELLA DE LLOBREGAT,BARCELONA,ES,,0902308030,,0934183057,WWW.COFIDIS.ES,,,0000,11/01/2012,11/01/2012,,08,,N,COFIDIS,61 AVENUE HALLEY                                                 PARC DE LA HAUTE BORNE,59866 VILLENEUVE DþASCQ,LILLE,,,,09,,"COFIDIS, S.A. SUCURSAL EN ESPAÑA","COFIDIS,S.A.,SE",FR,ALTA,,,A,,8796,,
SECC,1545,140000,"CA INDOSUEZ WEALTH (EUROPE), S.E.","CA INDOSUEZ WEALTH (EUROPE), SUCURSAL EN ESPAÑA",,W0182904C,PS,DE LA CASTELLANA,1,,28046,MADRID,,ES,,0913109910,,0913109901,,,,0000,28/05/2018,13/08/2012,,28,,N,CA INDOSUEZ WEALTH (EUROPE),"39, ALLEE SCHEFFER",L-2520 LUXEMBOURG,,,,,12,,"CA INDOSUEZ WEALTH (EUROPE), S.E.",CA INDOSUEZ WEA,LU,,,,,,0000,,AGRIESMMXXX
SECC,1546,140000,"CNH INDUSTRIAL CAPITAL EUROPE, S.A.S., S.E.","CNH INDUSTRIAL CAPITAL EUROPE, S.A.S., SUCURSAL EN ESPAÑA",,W0018143H,CL,ESTRELLA DENEBOLA,8,"PL. 3, LETRA A",28045,MADRID,,ES,,0902702762,,0901022393,,,,0000,10/01/2018,19/10/2012,,28,,N,"CNH INDUSTRIAL CAPITAL EUROPE, S.A.S.",12 RUE DU PORT,92000 NANTERRE,FRANCE,,,,12,,CNH INDUSTRIAL CAPITAL EUROPE,CNH INDUSTRIAL,FR,CAMBIO DE DENOMINACION,,,N,,0000,,
SECC,1547,140000,"LOMBARD ODIER (EUROPE), S.A., SUCURSAL EN ESPAÑA","LOMBARD ODIER (EUROPE), S.A., SUCURSAL EN ESPAÑA",,W0183168D,PS,DE LA CASTELLANA,66,PL. 4,28046,MADRID,,ES,,0917902900,,0917902901,WWW.LOMBARDODIER.COM,,,0000,23/07/2013,23/07/2013,,28,,N,LOMBARD ODIER (EUROPE) S.A.,"5, ALLÉE SCHEFFER",L-2520 LUXEMBOURG,,35227785000,35227785001,C.VERBRUGGE@LOMBARDODIER.COM,12,,"LOMBARD ODIER (EUROPE), S.A., S.E.",LOMBARD ODIER,LU,ALTA,,,A,,0000,,
SECC,1548,140000,"DELL B. INT. DESIGNATED ACT. CO., S.E.","DELL BANK INTERNATIONAL DESIGNATED ACTIVITY COMPANY, SUCURSAL EN ESPAÑA",,W0072623B,CL,RIBERA DEL LOIRA,8,EDIFICIO DELL EMC,28042,MADRID,,ES,,0917229200,,0917229583,WWW.DELL.ES,,,0000,09/01/2018,24/09/2013,,28,,N,DELL BANK INTERNATIONAL DESIGNATED ACTIVITY COMPANY,"INNOVATION HOUSE, CHERRYWOOD SCIENCE & TECHNOLOGY PARK, CHERRYWOOD","DUBLIN 18, IRELAND",,353868287270,,,12,,DELL B. INT. DESIGNATED ACT. CO.,DELL B. INT. DE,IE,CAMBIO DE DOMICILIO,,,D,,0000,,
SECC,1550,140000,"BANCA POPOLARE ETICA SCPA, SUCURSAL EN ESPAÑA","BANCA POPOLARE ETICA SOCIEDAD COOPERATIVA PER AZIONI, SUCURSAL EN ESPAÑA",,W0055755C,CL,SANTA MARÍA,9,,48005,BILBAO,BIZKAIA,ES,,0944153496,,0944154286,,,,0000,15/07/2014,15/07/2014,,48,,N,BANCA POPOLARE ETICA SOCIEDAD COOPERATIVA PER AZIONI,"VIA NICCOLO TOMMASEO, 7",PADOVA,,,,,16,,"BANCA POPOLARE ETICA SCPA, SE",BANCA POPOLARE,IT,ALTA,,,A,,0000,,
SECC,1551,140000,SUMITOMO MITSUI BANKING CORPORATION EUROPE LIMITED,"SUMITOMO MITSUI BANKING CORPORATION EUROPE LIMITED, SUCURSAL EN ESPAÑA",,W8264994H,CL,PEDRO TEIXEIRA,8,PLANTA 4ª. EDIFICIO IBERIA MART I,28020,MADRID,,ES,,0915766196,,0915777525,,,,0000,28/03/2016,09/12/2014,,28,,N,SUMITOMO MITSUI BANKING CORPORATION EUROPE LIMITED,99 QUEEN VICTORIA STREET,LONDON EC4V 4EH,,,,,12,,SUMITOMO MITSUI BANKING CORPORATION,SUMITOMO MITSUI,GB,CAMBIO DE DOMICILIO,,,D,,0000,,
SECC,1552,140000,"MIRABAUD & CIE (EUROPE) S.A., SUCURSAL EN ESPAÑA","MIRABAUD & CIE (EUROPE) S.A., SUCURSAL EN ESPAÑA",,W0183864H,CL,FORTUNY,6,2ª PLANTA,28010,MADRID,,ES,,0917937800,,0917937830,www.mirabaud.com,,,0000,17/12/2014,17/12/2014,,28,,N,MIRABAUD & CIE (EUROPE) S.A.,"AVENUE DE LA LIBERTÉ, 25",L-1931 LUXEMBURGO,,,,,12,,MIRABAUD & CIE (EUROPE) SA SE,MIRABAUD & CIE,LU,ALTA,,,A,,0000,,
SECC,1553,140000,"CHINA CONSTRUCTION BANK (EUROPE), S.A., S.E.","CHINA CONSTRUCTION BANK (EUROPE), S.A., SUCURSAL EN ESPAÑA",,W0184063F,AV,DIAGONAL,640,5ª PLANTA,8017,BARCELONA,BARCELONA,ES,,0932287802,,0932287899,,,,0000,11/01/2018,13/03/2015,,08,CHINA CONSTRUCTION BANK,S,CHINA CONSTRUCTION BANK (EUROPE) S.A,"1, BOULEVARD ROYAL",L-2449,LUXEMBURGO,352 286688,352 28668801,HTTP://EU.CCB.COM/EUROPE/EN/INDEX. HTML,09,,CHINA CONSTRUCTION BANK (EUROPE),CHINA CONSTRUCT,LU,,,,,5493007QRSX9DS2CM858,0000,,
SECC,1554,140000,"BANCA FARMAFACTORING SPA, SUCURSAL EN ESPAÑA","BANCA FARMAFACTORING SPA, SUCURSAL EN ESPAÑA",,W0056035I,CL,LUCHANA,23,,28010,MADRID,,ES,,0912102159,,0915916521,http//www.bancafarmafactoring.it    http://www.cuentafacto.es,,,0000,20/09/2017,11/05/2015,,28,,N,BANCA FARMAFACTORING SPA,"VIA DOMENICHINO, 5",MILANO,20149,,,,12,,"BANCA FARMAFACTORING SPA, S.E.",BANCA FARMAFACT,IT,,,,,,0000,,
SECC,1555,140000,"CM-CIC BAIL, SUCURSAL EN ESPAÑA","CM-CIC BAIL, SUCURSAL EN ESPAÑA",,W0010286C,CL,CLAUDIO COELLO,123,,28006,MADRID,MADRID,ES,,0914365863,,,www.cm-cic-bail.com,,,0000,16/03/2018,08/09/2015,,28,,N,CM-CIC BAIL,17 BIS PLACE DES REFLETS TOUR D2,NANTERRE,92000,+33.1.44584242,,,12,,"CM-CIC BAIL, SUCURSAL EN ESPAÑA","CM-CIC BAIL, S.",FR,,,,,,0000,,
SECC,1557,140000,"UNICREDIT, S.P.A., SUCURSAL EN ESPAÑA","UNICREDIT, S.P.A., SUCURSAL EN ESPAÑA",,W0056231D,CL,MIGUEL ANGEL,11,,28010,MADRID,MADRID,ES,,,,,,,,0000,11/05/2016,20/01/2016,,28,,N,"UNICREDIT, S.P.A.","VIA ALESSANDRO SPECCHI, 16",ROMA,,,,,12,,"UNICREDIT, S.P.A., S.E.","UNICREDIT, S.P.",IT,CAMBIO DE DOMICILIO,,,D,,0000,,
SECC,1558,140000,"RBC EUROPE LIMITED, SUCURSAL EN ESPAÑA","RBC EUROPE LIMITED, SUCURSAL EN ESPAÑA",,W8266662I,CL,SERRANO,1,PL. 2ª,28001,MADRID,,ES,,0910389101,,,,,,0000,21/06/2016,21/06/2016,,28,,N,RBC EUROPE LIMITED,"RIVERBANK HOUSE, 2 SWAN LANE",LONDON,EC4R 3BF,442076534351,,,12,,"RBC EUROPE LIMITED, S.E.",RBC EUROPE LIMI,GB,ALTA,,,A,,0000,,
SECC,1559,140000,"MIZUHO BANK EUROPE N.V., SUCURSAL EN ESPAÑA","MIZUHO BANK EUROPE N.V., SUCURSAL EN ESPAÑA",,W0039815F,CL,ORENSE,34,PLANTA 6. EDIFICIO IBERIA MART II,28020,MADRID,MADRID,ES,,0915982905,,0917702333,,,,0000,31/03/2017,02/01/2017,,28,,N,MIZUHO BANK EUROPE N.V.,"APOLLOLAAN 171, 1077 AS",AMSTERDAM,,,,,12,,"MIZUHO BANK EUROPE N.V., S.E.",MIZUHO BANK EUR,NL,CAMBIO DE DENOMINACION,,,N,,0000,,
SECC,1560,140000,"YOUNITED, SUCURSAL EN ESPAÑA","YOUNITED, SUCURSAL EN ESPAÑA",,W2500913E,CL,CARRER DE LA CARAVEL.LA LA NIÑ,12,,8017,BARCELONA,,ES,,0934457919,,,http://younited-credit.es,,,0000,06/03/2017,06/03/2017,,08,,N,YOUNITED,24 RUE DROUOT,PARIS,75009,,,,09,,"YOUNITED, SUCURSAL EN ESPAÑA","YOUNITED, S.E.",FR,ALTA,,,A,,0000,,
SECC,1561,140000,"NATIONAL WESTMINSTER BANK PLC, SUCURSAL EN ESPAÑA","NATIONAL WESTMINSTER BANK PLC, SUCURSAL EN ESPAÑA",,W8267716B,PS,DE LA CASTELLANA,60,,28046,MADRID,MADRID,ES,,0914189289,,,,,,0000,08/05/2017,08/05/2017,,28,,N,NATIONAL WESTMINSTER BANK PLC,135 BISHOPSGATE,LONDRES,EC2M 3UR,,,,12,,"NATWEST BANK, PLC, S. E.","NATWEST BANK, P",GB,ALTA,,,A,,0000,,
SECC,1562,140000,"ADYEN B.V., SUCURSAL EN ESPAÑA","ADYEN B.V., SUCURSAL EN ESPAÑA",,W0030359D,PS,DE LA CASTELLANA,43,,28046,MADRID,,ES,,0911980250,,,,,,0000,12/04/2018,14/11/2017,,28,,N,ADYEN B.V.,"SIMON CARMIGGELTSTRAAT, 6, 1011 DJ",AMSTERDAM,,,,,12,,"ADYEN B.V., SUCURSAL EN ESPAÑA","ADYEN B.V., S.E",NL,CAMBIO DE DOMICILIO,,,D,,0000,,
SECC,1563,140000,"N26 BANK GMBH, SUCURSAL EN ESPAÑA","N26 BANK GMBH, SUCURSAL EN ESPAÑA",,W2765098E,CL,DE MANZANARES,4,,28005,MADRID,,ES,,,,,,,,0000,09/10/2018,27/09/2018,,28,,N,N26 BANK GMBH,"KLOSTERSTRASSE, 62",BERLIN,10179,+4917680627337,,WWW.N26.COM,12,,"N26 BANK GMBH, SUCURSAL EN ESPAÑA","N26 BANK GMBH,",DE,ALTA,,,A,,0000,,
SECC,1564,140000,"GOLDMAN SACHS AG, SUCURSAL EN ESPAÑA","GOLDMAN SACHS AG, SUCURSAL EN ESPAÑA",,W2765172H,CL,MARIA DE MOLINA,6,5ª PLANTA,28006,MADRID,,ES,,0917006000,,,WWW.GOLDMANSACHS.COM,,,0000,22/10/2018,22/10/2018,,28,,N,GOLDMAN SACHS AG,FRIEDRICH-EBERT-ANLAGE 49 (MESSETURM),FRANKFURT AM MAIN,60308,,,,12,,"GOLDMAN SACHS AG, SUCURSAL ESPAÑA",GOLDMAN SACHS A,DE,ALTA,,,A,,0000,,
SECE,0151,150000,"JPMORGAN CHASE BANK NATIONAL ASSOCIATION, S.E.","JPMORGAN CHASE BANK NATIONAL ASSOCIATION, SUCURSAL EN ESPAÑA",,W4001407H,PS,DE LA CASTELLANA,31,,28046,MADRID,,ES,,0915161200,,0915161616,,,,0000,28/09/2015,16/05/1979,,28,,N,JPMORGAN CHASE BANK NATIONAL       ASSOCIATION,"270 PARK AVENUE, PISO 35, NUEVA YORK",NUEVA YORK,,,,,12,,JPMORGAN CHASE BANK NAT. ASSOC.S.E,JPMORGAN CHASE,US,CAMBIO DE DOMICILIO,,,D,,0000,,CHASESM3XXX
SECE,0169,150000,"BANCO DE LA NACION ARGENTINA, S.E.","BANCO DE LA NACION ARGENTINA, SUCURSAL EN ESPAÑA",,W5281004A,CL,NUÑEZ DE BALBOA,73,,28001,MADRID,,ES,,0915763703,,0915766142,,,,0000,24/04/2009,04/03/1983,,28,,N,BANCO DE LA NACION ARGENTINA,"BARTOLOME MITRE, 326",1036 BUENOS AIRES,,,,,12,,"BANCO DE LA NACION ARGENTINA, S.E.",NACION ARGENT.,AR,,,,W,,0000,,NACNESMMXXX
SECE,1460,150000,"CREDIT SUISSE AG, S.E.","CREDIT SUISSE AG, SUCURSAL EN ESPAÑA",,A81956856,CL,AYALA,42,,28001,MADRID,,ES,,0917916000,,0917916010,WWW.CREDIT-SUISSE.COM,,,0000,30/11/2009,25/03/1998,,28,,N,"CREDIT SUISSE, AG","PARADEPLATZ, 8",8001 ZURICH,,,,,12,,"CREDIT SUISSE AG, S.E.",CREDIT SUISSE,CH,CAMBIO DE DENOMINACION,,,N,,0000,,CRESESMMXXX
OR,1234,90000,BANCO DE LA PROVINCIA DE BUENOS AIRES,OFICINA DE REPRESENTACION EN ESPAÑA DE BANCO DE LA PROVINCIA DE BUENOS  AIRES,,N5281056A,PS,DE LA CASTELLANA,91,PL. 4 - 1,28046,MADRID,,ES,,0917000776,,0913915947,,,,0000,28/07/2016,16/11/1995,,28,,N,BANCO DE LA PROVINCIA DE BUENOS    AIRES,"SAN MARTIN, 137",1004 CAPITAL FEDERAL,,541143470000,,,12,,BANCO PROVINCIA DE BUENOS AIRES,BUENOS AIRES,AR,CAMBIO DE DOMICILIO,,,D,,0000,,
OR,1236,90000,LANDESBANK HESSEN-THUERINGEN GIROZENTRALE,OFICINA DE REPRESENTACION EN ESPAÑA DE LANDESBANK HESSEN-THUERINGEN GIROZENTRALE,,N0041815B,CL,GENERAL CASTAÑOS,4,BAJO DCHA.,28004,MADRID,,ES,,0913911004,,0913911132,,,,0000,01/01/2009,01/12/1995,,28,,N,LANDESBANK HESSEN-THUERINGEN       GIROZENTRALE,JUNGHOFSTRASSE 18-26,60297 FRANKFURT/MAIN,,496913201,,,12,,LANDESBANK HESSEN-THUERINGEN GIROZ.,LANDESBANK,DE,,,,W,,0000,,
OR,1246,90000,"PRIMER B. AH. Y PREST. VIV. FAM., S.A. (VIVIBANCO)","OFICINA DE REPRESENTACION EN ESPAÑA DE PRIMER BANCO AHORRO Y PRESTAMO VIVIENDA FAMILIAR, S.A. (VIVIBANCO)",,N4161003A,AV,GRAN VIA CARLOS III,94,"PL. 5, 1 - ED. TRADE",8028,BARCELONA,,ES,,0934900847,,0933397801,,,,0000,01/01/2009,21/01/1999,,08,VIVIBANCO,S,"PRIMER BANCO AHORRO Y PRESTAMO     VIVIENDA FAMILIAR, S.A. (VIVIBANCO)","6 AVENIDA 12-98, ZONA 9",CIUDAD DE GUATEMALA,,005023609946,,,09,,"PRIMER B. A. P. V. F.,SA(VIVIBANCO)",VIVIBANCO,GT,,,,W,,0000,,
OR,1249,90000,NORWICH AND PETERBOROUGH BUILDING SOCIETY,OFICINA DE REPRESENTACION EN ESPAÑA DE NORWICH AND PETERBOROUGH BUILDING SOCIETY,,B11461936,CL,PIRANDELLO,16,PL 5,29010,MALAGA,MALAGA,ES,,0952345400,,0952348656,,,,0000,31/07/2007,12/07/1999,,29,,N,NORWICH AND PETERBOROUGH BUILDING  SOCIETY,PETERBOROUGH BUSINESS PARK - LYNCH WOOD,PE2 6WR PETERBOROUGH,,441733372372,,,01,,NORWICH AND PETERBOROUGH BUILDING S,NORWICH,GB,CAMBIO DE DOMICILIO,,,D,,0000,,
OR,1251,90000,PRIVATBANK IHAG ZURICH,OFICINA DE REPRESENTACION EN ESPAÑA DE PRIVATBANK IHAG ZÜRICH,,N0391069B,AV,CLEMENTE DIAZ RUIZ,10,,29640,FUENGIROLA,MALAGA,ES,,0952466568,,0952469470,,,,0000,12/01/2007,20/08/1999,,29,,N,PRIVATBANK IHAG ZÜRICH,"BLEICHERWEG, 18",CH-8022 ZURICH,,4112051504,4112051525,,01,,PRIVATBANK IHAG ZURICH,PRIVATBANK IHAG,CH,CAMBIO DE DOMICILIO,,,D,,0000,,
OR,1255,90000,AAREAL BANK AG,OFICINA DE REPRESENTACION EN ESPAÑA DE AAREAL BANK AG,,N0042512D,CL,MARIA DE MOLINA,40,PL. 4,28006,MADRID,,ES,,0915902420,,0915902436,,,,0000,02/12/2013,03/08/2000,,28,,N,AAREAL BANK A.G.,"PAULINENSTRASSE, 15",65189 WIESBADEN,,496113480,496113482549,,12,,AAREAL BANK AG,AAREAL BANK AG,DE,CAMBIO DE DOMICILIO,,,D,,0000,,
OR,1267,90000,NYKREDIT REALKREDIT A/S,OFICINA DE REPRESENTACION EN ESPAÑA DE NYKREDIT REALKREDIT A/S,,N0081361H,,"CENTRO COMERCIAL PLAZA, LOCAL",26,,29660,NUEVA ANDALUCIA - MARBELLA,MALAGA,ES,,0952905150,,0952818528,,,,0000,14/09/2004,14/09/2004,,29,,N,NYKREDIT REALKREDIT A/S,KALVEBOD BRYGGE 1-3,DK-1789 COPENHAGUE,,00 45 33421000,004533421507,,01,,NYKREDIT REALKREDIT A/S,NYKREDIT,DK,ALTA,,,A,,0000,,
OR,1293,90000,"BANQUE INTERNATIONALE POUR LE MALI, S.A.","OFICINA DE REPRESENTACION EN ESPAÑA DE BANQUE INTERNATIONALE POUR LE MALI, S.A.",,W2321004J,CL,RONDA DE SEGOVIA,42,,28005,MADRID,,ES,,0652539821,,,,,,0000,01/01/2009,05/08/2008,,28,BIM SA,S,"BANQUE INTERNATIONALE POUR LE      MALI, S.A.",BOULEVARD DE L'INDEPENDANCE B.P. 15,BAMAKO,,223 2225066,223 2224566,,12,,"BANQUE INTERNATIONALE POUR MALI,SA",BIM SA,ML,,,,W,,0000,,
OR,1294,90000,"BANCO GANADERO, S.A.","OFICINA DE REPRESENTACION EN ESPAÑA DE BANCO GANADERO, S.A.",,W5161047E,CL,ORENSE,85,,28020,MADRID,,ES,,0915006790,,,,,,0000,16/03/2010,24/11/2008,,28,,N,"BANCO GANADERO, S.A.","CL BOLIVAR, 99 ESQUINA BENI",SANTA CRUZ DE LA SIERRA,,(591-3)3361616,(591-3)3361617,,12,,"BANCO GANADERO, S.A.",BANCO GANADERO,BO,CAMBIO DE DOMICILIO,,,D,,0000,,
OR,1295,90000,"PAYPAL (EUROPE) S.Á.R.L. Y CIE, S.C.A.","OFICINA DE REPRESENTACION EN ESPAÑA DE PAYPAL (EUROPE) S.Á.R.L. Y CIE,  S.C.A.",,N0181894G,PZ,PABLO RUIZ PICASSO,1,PLANTA 13. TORRE PICASSO,28020,MADRID,,ES,,0917901000,,0917901095,,,,0000,10/10/2017,28/11/2008,,28,,N,"PAYPAL (EUROPE) S.Á.R.L. Y CIE,    S.C.A.","22-24 BOULEVARD ROYAL, L-2449",LUXEMBURGO,,35226639100,35226639250,,12,,"PAYPAL (EUROPE) S.Á.R.L. Y CIE, S.C",PAYPAL (EUROPE),LU,CAMBIO DE DOMICILIO,,,D,,0000,,
OR,1296,90000,LEEDS BUILDING SOCIETY,OFICINA DE REPRESENTACION EN ESPAÑA DE LEEDS BUILDING SOCIETY,,N8260357B,AV,DE ARAGON,330,"PE.MERCEDES, E.5,PL3",28022,MADRID,,ES,,0915625152,,,,,,0000,08/07/2009,08/07/2009,,28,,N,LEEDS BUILDING SOCIETY,105 ALBION STREET,LEEDS LS15AS,,,,,12,,LEEDS BUILDING SOCIETY,LEEDS BUILDING,GB,ALTA,,,A,,0000,,
OR,1298,90000,SOCIETE GENERALE MAROCAINE DE BANQUES,OFICINA DE REPRESENTACION EN ESPAÑA DE SOCIETE GENERALE MAROCAINE DE BANQUES,,W2041130B,PZ,PABLO RUIZ PICASSO,1,,28020,MADRID,,ES,,0696921070,,0915893976,,,,0000,20/11/2009,20/11/2009,,28,,N,SOCIETE GENERALE MAROCAINE DE      BANQUES,55 BD ABDELMOUMEN,20100 CASABLANCA,,,,,12,,SOCIETE GENERALE MAROCAINE DE BANQ,SOC.GRAL.MARRO,MA,ALTA,,,A,,0000,,
OR,1299,90000,"BANCO L.J. CARREGOSA, S.A.","OFICINA DE REPRESENTACION EN ESPAÑA DE BANCO L.J. CARREGOSA, S.A.",,N0105590D,CL,GENERAL PARDIÑAS,15,PLANTA 1ª,28001,MADRID,,ES,,0914356230,,,,,,0000,13/05/2016,26/11/2009,,28,,N,"BANCO L.J. CARREGOSA, S.A.",AV. DA BOAVISTA 1083,4100-129 OPORTO,,+351226086460,+351226007887,,12,,"BANCO L.J. CARREGOSA, S.A.",L.J. CARREGOSA,PT,CAMBIO DE DOMICILIO,,,D,,0000,,
OR,1300,90000,ABN AMRO BANK N.V.,OFICINA DE REPRESENTACION EN ESPAÑA DE ABN AMRO BANK N.V.,,W0035709E,AV,JOSE BANUS EDF. MALAGA,S/N,LOCAL 2B,29660,MARBELLA,MALAGA,ES,,0952908843,,0952814880,,,,0000,13/04/2010,16/03/2010,,29,,N,ABN AMRO BANK N.V.,"GUSTAV MAHLERLAAN, 10",1082 PP AMSTERDAM,,,,,01,,ABN AMRO BANK N.V.,ABN AMRO BANK,NL,,,,,,0000,,
OR,1310,90000,"BANQUE DE DEVELOPPEMENT DU MALI, S.A","OFICINA DE REPRESENTACION EN ESPAÑA DE BANQUE DE DEVELOPPEMENT DU MALI, S.A.",,W2321006E,CL,CRISTOBAL LOPEZ LUPIAÑEZ,11,,4006,ALMERIA,,ES,,0671894819,,,,,,0000,18/03/2010,18/03/2010,,04,,N,"BANQUE DE DEVELOPPEMENT DU MAL, S.A.",MODIBO KËITA,BP 94 BAMAKO,,,,,01,,"BANQUE DE DEVELOPPEMENT DU MALI, SA",DEVELOPP. MALI,ML,ALTA,,,A,,0000,,
OR,1312,90000,"BANQUE PRIVEE ESPIRITO SANTO, S.A.","OFICINA DE REPRESENTACION EN ESPAÑA DE BANQUE PRIVEE ESPIRITO SANTO, S.A.",,N0106341A,CL,ZURBANO,34,"PL. 2, PTA. DR.",28010,MADRID,,ES,,0914231180,,0914231199,,,,0000,09/10/2012,26/01/2011,,28,BANQUE PRIVEE,S,"BANQUE PRIVEE ESPIRITO SANTO, S.A.","AV GENERAL GUISAN, 70 A",1009 PULLY O VAUD,,,,,12,,"BANQUE PRIVEE ESPIRITO SANTO, S.A.",BANQUE PRIVEE,CH,,,,,,0000,,
OR,1313,90000,ITAU CORPBANCA,OFICINA DE REPRESENTACION EN ESPAÑA DE ITAU CORPBANCA,,N5121207D,CL,VELAZQUEZ,94,PL. 1,28006,MADRID,,ES,,0917817010,,0917817020,,,,0000,03/06/2016,31/05/2011,,28,,N,ITAU CORPBANCA,"ROSARIO NORTE 660, PISO 9, LAS CONDES",SANTIAGO,,,,,12,,ITAU CORPBANCA,ITAU CORPBANCA,CL,CAMBIO DE DENOMINACION,,,N,,0000,,
OR,1315,90000,SVENSKA HANDELSBANKEN AB (PUBL),OFICINA DE REPRESENTACION EN ESPAÑA  DE SVENSKA HANDELSBANKEN AB (PUBL),,N0303013G,AV,"MANOLETE (CENTRO PLAZA, OF. 2)",1,NUEVA ANDALUCIA,29660,MARBELLA,MALAGA,ES,,0952817550,,0952817567,WWW.HANDELSBANKEN.ES,,,1315,19/05/2014,19/05/2014,,29,,N,SVENSKA HANDELSBANKEN AB (PUBL),KUNGSTRÄDGARDSGATAN 2,SE-106 70 STOCKHOLM,SUECIA,,,,01,,SVENSKA HANDELSBANKEN AB (PUBL),SVENSKA,SE,ALTA,,,A,,0000,,
OR,1316,90000,"TOWERBANK INTERNATIONAL, INC.","OFICINA DE REPRESENTACION EN ESPAÑA DE TOWERBANK INTERNATIONAL, INC.",,N4423698B,PS,DE LA CASTELLANA,95,"15 A, EDIF. TORRE EUROPA",28046,MADRID,,ES,,0914185093,,,WWW.TOWERBANK.COM,,,0000,17/02/2014,17/02/2014,,28,,N,"TOWERBANK INTERNATIONAL, INC.","CALLE 50 Y BEATRIZ M. DE CABAL, EDIFICIO TOWERPLAZA",0819-06769 PANAMA,,5072696900,5072696800,WWW.TOWERBANK.COM,12,,"TOWERBANK INTERNATIONAL, INC.",TOWERBANK INTER,PA,ALTA,,,A,,0000,,
OR,1317,90000,"DNB LUXEMBOURG, S.A.","OFICINA DE REPRESENTACION EN ESPAÑA DE DNB LUXEMBOURG, S.A.",,N0181422G,UR,'LA CONEJA',S/N,LOCALES 27 A 35,29602,MARBELLA,MALAGA,ES,,,,,,,,0000,24/07/2015,24/07/2015,,29,,N,"DNB LUXEMBOURG, S.A.","13, RUE GOETHE, L-1637",LUXEMBURGO,,,,,01,,"DNB LUXEMBOURG, S.A.","DNB LUXEMBOURG,",LU,ALTA,,,A,,0000,,
OR,1318,90000,"BANQUE TRANSATLANTIQUE, S.A.","OFICINA DE REPRESENTACION EN ESPAÑA DE BANQUE TRANSATLANTIQUE, S.A.",,N0017268D,CL,CLAUDIO COELLO,123,PLANTA 5ª,28006,MADRID,MADRID,ES,,,,,,,,0000,11/09/2015,11/09/2015,,28,,N,"BANQUE TRANSATLANTIQUE, S.A.","26, AVENUE FRANKLIN DELANO ROOSEVELT",PARIS,75008,,,,12,,BANQUE TRANSATLANTIQUE,BANQUE TRANSATL,FR,ALTA,,,A,,0000,,
OR,1319,90000,BANCO NACIONAL DE GUINEA ECUATORIAL,OFICINA DE REPRESENTACION EN ESPAÑA DE BANCO NACIONAL DE GUINEA ECUATORIAL,,N3101096J,CL,SERRANO,106,,28006,MADRID,MADRID,ES,,0911996713,,,WWW.BANNGE.COM,,,0000,10/01/2017,10/01/2017,,28,,N,BANCO NACIONAL DE GUINEA ECUATORIAL,"AVENIDA DE LAS NACIONES UNIDAS, Nç 28.",MALABO,APDO. 430,,,,12,,BANCO NACIONAL DE GUINEA ECUATORIAL,B. N. GUINEA EC,GQ,ALTA,,,A,,0000,,
OR,1320,90000,DEUTSCHE HYPOTHEKENBANK (ACTIEN-GESELLSCHAFT),OFICINA DE REPRESENTACIÓN EN ESPAÑA DE DEUTSCHE HYPOTHEKENBANK (ACTIEN-GESELLSCHAFT),,N0049896D,CL,GOYA,6,PLANTA 3,28001,MADRID,,ES,,0618109905,,,,,,0000,13/02/2018,13/02/2018,,28,,N,DEUTSCHE HYPOTHEKENBANK (ACTIEN-GESELLSCHAFT),OSTERSTRASSE 31,HANNOVER,30159,,,,12,,DEUTSCHE HYPOTHEKENBANK AG,DEUTSCHE HYPOTH,DE,ALTA,,,A,,0000,,
OR,1272,90000,BANKHAUS JUNGHOLZ AG,OFICINA DE REPRESENTACION EN ESPAÑA DE BANKHAUS JUNGHOLZ AG,,N0391580H,CL,MARQUES DE CAMPO,16,PL. 4,3700,DENIA,ALICANTE,ES,,0966431991,,0966432791,,,,0000,19/08/2009,14/03/2005,,03,,N,BANKHAUS JUNGHOLZ AG,"OBERER GRABEN, 3",9001 ST. GALLEN (SUIZA),,,,,15,,BANKHAUS JUNGHOLZ AG,BANKHAUS JUNGHO,CH,CAMBIO DE DENOMINACION,,,V,,0000,,
OR,1277,90000,"BANCOLOMBIA, S.A.","OFICINA DE REPRESENTACION EN ESPAÑA DE BANCOLOMBIA, S.A.",,N4801058A,CL,JUAN HURTADO DE MENDOZA,4,2ª,28036,MADRID,,ES,,0915216666,,0915216631,,,,0000,12/05/2015,19/05/2006,,28,,N,"BANCOLOMBIA, S.A.","AV LOS INDUSTRIALES, CRA 48 Nç 26-85. TORRE SUR PISO 10 C",MEDELLIN - COLOMBIA,,,,,12,,"BANCOLOMBIA, S.A.",BANCOLOMBIA,CO,CAMBIO DE DOMICILIO,,,D,,0000,,
OR,1283,90000,BANCO PICHINCHA C.A.,OFICINA DE REPRESENTACION EN ESPAÑA DE BANCO PICHINCHA C.A.,,N5001054E,CL,ALCALA,79,LOCAL,28009,MADRID,,ES,,0915488396,,0915411004,,,,0000,19/07/2007,28/02/2007,,28,,N,BANCO PICHINCHA C.A.,AV. AMAZONAS 4560 Y PEREIRA,QUITO,,,,,12,,BANCO PICHINCHA C.A.,B. PICHINCHA,EC,CAMBIO DE DOMICILIO,,,D,,0000,,
OR,1284,90000,SCHRODER & CO. BANK AG,OFICINA DE REPRESENTACION EN ESPAÑA DE SCHRODER & CO. BANK AG,,N0391856B,CL,PINAR,7,PL. 4,28006,MADRID,,ES,,0915901291,,,,,,0000,01/08/2012,30/03/2007,,28,,N,SCHRODER & CO. BANK AG,"CENTRAL, 2                                                       8001",ZURICH,,,,,12,,SCHRODER & CO. BANK AG,SCHRODER & CO.,CH,CAMBIO DE DOMICILIO,,,D,,0000,,
OR,1285,90000,ITAU BBA INTERNATIONAL PLC,OFICINA DE REPRESENTACION EN ESPAÑA DE ITAU BBA INTERNATIONAL PLC,,W0103158B,CL,PINAR,7,PL. 2 PTA. DCHA.,28006,MADRID,,ES,,0914186953,,0914186999,,,,0000,07/06/2013,12/04/2007,,28,,N,ITAU BBA INTERNATIONAL LIMITED,"THE BROADGATE TOWER, 20 TH FLOOR                                 20 PRIMROSE STREET","EC2A 2EW, LONDON",,,,,12,,ITAU BBA INTERNATIONAL PLC,ITAÚ BBA UK,GB,CAMBIO DE DENOMINACION,,,N,,0000,,
OR,1286,90000,BANCO BOLIVARIANO C.A.,OFICINA DE REPRESENTACION EN ESPAÑA DE BANCO BOLIVARIANO C.A.,,N5001059D,CL,LAGASCA,73,"PL. 1, OFICINA G",28001,MADRID,,ES,,0914323486,,0915784249,,,,0000,11/12/2007,04/10/2007,,28,,N,BANCO BOLIVARIANO C.A.,JUNIN 200 Y PANAMA,GUAYAQUIL,,59342305000,59342566378,,12,,BANCO BOLIVARIANO C.A.,BOLIVARIANO,EC,CAMBIO DE DOMICILIO,,,D,,0000,,
OR,1123,90000,BANCO DE LA NACION ARGENTINA,OFICINA DE REPRESENTACION EN ESPAÑA DEL BANCO DE LA NACION ARGENTINA,,A08168908,CL,NUÑEZ DE BALBOA,73,,28001,MADRID,,ES,,0915763705,,0915766142,BNA@BNA.COM.ES,,,0000,13/06/2006,16/02/1973,,28,,N,BANCO DE LA NACION ARGENTINA,"CL BARTOLOME MITRE, 326",10036 BUENOS AIRES,,,,,12,,BANCO DE LA NACION ARGENTINA,NAC. ARGENTINA,AR,CAMBIO DE DOMICILIO,,,D,,0000,,
OR,1137,90000,BANQUE CENTRALE POPULAIRE,OFICINA DE REPRESENTACION EN ESPAÑA DE BANQUE CENTRALE POPULAIRE,,N2041007B,CL,VELAZQUEZ,34,PL. 1,28001,MADRID,,ES,,0915207066,,0915754699,,,,0000,01/01/2009,09/07/1977,,28,,N,BANQUE CENTRALE POPULAIRE,"101, BD. MOHAMMED ZERKTOUNI - BP 10622",21100 CASABLANCA,,21222202533,,,12,,BANQUE CENTRALE POPULAIRE,CENT. POPULAIRE,MA,,,,W,,0000,,
OR,1156,90000,THE BANK OF NEW YORK MELLON,OFICINA DE REPRESENTACION EN ESPAÑA DE THE BANK OF NEW YORK MELLON,,N4001294J,CL,JOSE ABASCAL,45,PL. 4,28003,MADRID,,ES,,0911775120,,0913192247,,,,0000,16/10/2018,07/12/1981,,28,,N,THE BANK OF NEW YORK MELLON,240 GREENWICH STREET,"NEW YORK, NY 10286",,,,,12,,THE BANK OF NEW YORK MELLON,NEW YORK MELLON,US,,,,,,0000,,
OR,1164,90000,OFICINA DE REPRESENTACIÓN EN ESPAÑA BRICKELL BANK,OFICINA DE REPRESENTACION EN ESPAÑA DE BRICKELL BANK,,N4001572I,CL,VELAZQUEZ,94,PLANTA 2ª,28006,MADRID,,ES,,0914005009,,0914005072,,,,0000,26/11/2015,26/04/1982,,28,,N,BRICKELL BANK,1395 BRICKELL AVE #400,MIAMI - FLORIDA 33131,,,,,12,,BRICKELL BANK,BRICKELL BANK,US,CAMBIO DE DENOMINACION,,,V,,0000,,
OR,1177,90000,CREDIT INDUSTRIEL ET COMMERCIAL,OFICINA DE REPRESENTACION EN ESPAÑA DE CREDIT INDUSTRIEL ET COMMERCIAL,,N0011186D,CL,CLAUDIO COELLO,123,PL. 6,28006,MADRID,,ES,,0913103281,,0913082983,,,,0000,05/10/2012,10/07/1980,,28,,N,CREDIT INDUSTRIEL ET COMMERCIAL,"4, RUE GAILLON                                                   75107 PARIS CEDEX 2",,,0142667000,,,12,,CREDIT INDUSTRIEL ET COMMERCIAL,CIC BANQUES,FR,CAMBIO DE DOMICILIO,,,D,,0000,,
OR,1193,90000,PKB PRIVATBANK AG.,OFICINA DE REPRESENTACION EN ESPAÑA DE PKB PRIVATBANK AG.,,N0361124A,CL,ORQUIDEA,43,LA MORALEJA,28100,ALCOBENDAS,MADRID,ES,,0915829100,,0915829114,,,,0000,01/01/2009,27/08/1990,,28,,N,PKB PRIVATBANK AG,"12, RUE CHARLES-GALLAND-CASE POSTALE 391",1211 GENEVE 12,,223469155,,,12,,PKB PRIVATBANKAG.,PKB PRIVATBANK,CH,,,,W,,0000,,
OR,1202,90000,"WELLS FARGO BANK, NA","OFICINA DE REPRESENTACION EN ESPAÑA DE WELLS FARGO BANK, NA",,N4005536J,PZ,PABLO RUIZ PICASSO,1,TORRE PICASSO,28020,MADRID,,ES,,0915768376,,0915782583,,,,0000,13/04/2010,05/09/1991,,28,,N,"WELLS FARGO BANK, NA","1445 ROSS AVENUE, SECOND FLOOR",DALLAS 75202 TEXAS,,,,,12,,"WELLS FARGO BANK, NA",WELLS FARGO,US,CAMBIO DE DOMICILIO,,,D,,0000,,
OR,1210,90000,BANQUE REGIONALE D'ESCOMPTE ET DE DEPOTS,OFICINA DE REPRESENTACION EN ESPAÑA DE BANQUE REGIONALE D'ESCOMPTE ET DE DEPOTS,,N0011679H,AV,FELIPE II,17,,28009,MADRID,,ES,,0915764276,,0915780170,,,,0000,01/01/2009,03/03/1992,,28,,N,BANQUE REGIONALE D'ESCOMPTE ET     DE DEPOTS,"18, QUAI DE LA RAPEE",75012 PARIS,,40047687,,,12,,BANQUE REGIONALE D'ESCOMPTE ET DE D,BANQUEREGIONALE,FR,,,,W,,0000,,
EFC,8221,50000,"CORPORACION HIPOTECARIA MUTUAL, S.A., E.F.C.","CORPORACION HIPOTECARIA MUTUAL, SOCIEDAD ANONIMA, ESTABLECIMIENTO FINANCIERO DE CREDITO",,A58353418,PS,DE LA CASTELLANA,51,,28046,MADRID,,ES,,0934873315,,0934875063,,,,0000,13/10/2017,13/12/1996,,28,,N,,,,,,,,12,,CORPORACION HIPOTECARIA MUTUAL,CORP.HIP.MUTUAL,ES,CAMBIO DE DOMICILIO,,,D,,0000,,
EFC,8235,50000,"BILBAO HIPOTECARIA, S.A., E.F.C.","BILBAO HIPOTECARIA, S.A., ESTABLECIMIENTO FINANCIERO DE CREDITO",,A48409023,PS,PUERTO,20,,48992,NEGURI - GETXO,BIZKAIA,ES,,0944898383,,0944898382,,,,0000,26/10/2011,30/12/1996,,48,,N,,,,,,,,16,,"BILBAO HIPOTECARIA, S.A., E.F.C.",BILBAO HIPOTEC.,ES,,,,,,0000,,
EFC,8236,50000,"SANTANDER CONSUMER, E.F.C., S.A.","SANTANDER CONSUMER, ESTABLECIMIENTO FINANCIERO DE CREDITO, S.A.",,A79082244,AV,DE CANTABRIA,S/N,CIUDAD GR. SANTANDER,28660,BOADILLA DEL MONTE,MADRID,ES,,0902112211,,0912571288,WWW.SANTANDERCONSUMER.ES,,,0000,22/07/2011,03/10/1996,,28,,N,,,,,,,,12,,"SANTANDER CONSUMER, E.F.C., S.A.",SANTANDER CONSU,ES,,,,,,0000,,
EFC,8307,50000,"VOLKSWAGEN FINANCE S.A., E.F.C.","VOLKSWAGEN FINANCE S.A., ESTABLECIMIENTO FINANCIERO DE CREDITO",,A28191211,AV,DE BRUSELAS,34,,28108,ALCOBENDAS,MADRID,ES,,0914535100,,0914535148,,,,0000,03/12/2001,25/07/1996,,28,,N,,,,,,,,12,,"VOLKSWAGEN FINANCE S.A., E.F.C.",VOLKSWA FINANCE,ES,,,,,,0000,,
EFC,8308,50000,"FINANCIERA CARRION, S.A., E.F.C.","FINANCIERA CARRION, S.A., ESTABLECIMIENTO FINANCIERO DE CREDITO, E.F.C.",,A28216778,PS,PINTOR ROSALES,4,,28008,MADRID,,ES,,0915419833,,0915419831,,,,0000,23/10/2017,04/11/1996,,28,FINANCA,S,,,,,,,,12,,"FINANCIERA CARRION, S.A., E.F.C.",FINANCA,ES,,,,,,0000,,
EFC,8321,50000,"ENTRE2 SERVICIOS FINANCIEROS, E.F.C., S.A.","ENTRE2 SERVICIOS FINANCIEROS, ESTABLECIMIENTO FINANCIERO DE CREDITO, S.A.",,A48055578,CL,JULIAN CAMARILLO,4,,28037,MADRID,,ES,,0910505651,,0911842385,,,,0000,23/12/2010,09/12/1996,,28,,N,,,,,,,,12,,"ENTRE2 SERVI. FINANCI., E.F.C., S.A","ENTRE2, EFC",ES,CAMBIO DE DENOMINACION,,,N,,0000,,
EFC,8342,50000,"LUZARO E.F.C., S.A.","LUZARO ESTABLECIMIENTO FINANCIERO DE CREDITO, SOCIEDAD ANONIMA",,A48050728,AV,LIBERTAD,10,PL. 7,20004,SAN SEBASTIAN,GIPUZKOA,ES,,0943420108,,0943427698,,,,0000,02/01/2012,12/11/1996,,20,,N,,,,,,,,16,,"LUZARO E.F.C., S.A.",LUZARO,ES,,,,,,0000,,
EFC,8512,50000,"UNION DE CREDITOS INMOBILIARIOS, S.A., E.F.C.","UNION DE CREDITOS INMOBILIARIOS, S.A., ESTABLECIMIENTO FINANCIERO DE CREDITO",,A39025515,CL,RETAMA,3,,28045,MADRID,,ES,,0913373700,,0913373738,WWW.UCI.COM,,,0000,05/07/2000,31/12/1996,,28,"U.C.I., SA, EFC",S,,,,,,,,12,,UNION CREDITOS INMOBILIARIOS,"U.C.I., SA, EFC",ES,,,,,,0000,,
EFC,8596,50000,"UNION CTO. FIN. MOB. INMOB. CREDIFIMO, E.F.C. S.A.","UNION DE CREDITO PARA LA FINANCIACION MOBILIARIA E INMOBILIARIA, CREDIFIMO, E.F.C. S.A",,A28371292,CL,GOYA,77,"ESCALERA IZQUIERDA, 1ª PLANTA",28001,MADRID,,ES,,0915632893,,0915644112,WWW.CREDIFIMO.ES,,,0000,13/10/2017,10/06/1997,,28,CREDIFIMO,S,,,,,,,,12,,UNION CTO. FIN. MOB. INM. CREDIFIMO,CREDIFIMO,ES,CAMBIO DE DOMICILIO,,,D,,0000,,
EFC,8620,50000,"ABANCA SERVICIOS FINANCIEROS E.F.C., S.A.","ABANCA SERVICIOS FINANCIEROS E.F.C., S.A.",,A28197036,CL,RUA NUEVA,30,,15004,A CORUÑA,,ES,,0981779280,,0981779290,WWW.ABANCASERFIN.ES,,,0000,18/10/2017,20/12/1996,,15,,N,,,,,,,,11,,ABANCA SERVICIOS FINANCIEROS,ABANCA SER.FIN,ES,CAMBIO DE DENOMINACION,,,V,,0000,,
EFC,8640,50000,"FCA CAPITAL ESPAÑA, E.F.C., S.A.","FCA CAPITAL ESPAÑA, ESTABLECIMIENTO  FINANCIERO DE CREDITO, S.A.",,A28655348,AV,MADRID,15,,28802,ALCALA DE HENARES,MADRID,ES,,0918853446,,0918852606,,,,0000,25/03/2015,31/12/1996,,28,,N,,,,,,,,12,,"FCA CAPITAL ESPAÑA, E.F.C., S.A.",FCA CAPITAL ESP,ES,CAMBIO DE DENOMINACION,,,V,,0000,,
EFC,8813,50000,"SCANIA FINANCE HISPANIA E.F.C., S.A.","SCANIA FINANCE HISPANIA ESTABLECIMIENTO FINANCIERO DE CREDITO, S.A.",,A82853987,AV,DE CASTILLA,29,,28830,SAN FERNANDO DE HENARES,MADRID,ES,,0916781865,,0916781863,,,,0000,21/10/2009,19/09/2001,,28,,N,,,,,,,,12,,"SCANIA FINANCE HISPANIA EFC, SA",SCANIA,ES,CAMBIO DE DOMICILIO,,,D,,0000,,
EFC,8815,50000,"FINANDIA E.F.C., S.A.","FINANDIA E.F.C., S.A.",,A83105494,CL,JACINTO BENAVENTE,2-A,EDIFICIO TRIPARK,28232,LAS ROZAS,MADRID,ES,,0913985400,,0902575422,,,,0000,19/10/2010,05/12/2001,,28,,N,,,,,,,,12,,"FINANDIA E.F.C., S.A.",FINANDIA EFC,ES,CAMBIO DE DOMICILIO,,,D,,0000,,
EFC,8823,50000,"FINANCIERA ESPAÑOLA DE CREDITO A DISTANCIA, EFC,SA","FINANCIERA ESPAÑOLA DE CREDITO A DISTANCIA, E.F.C., S.A.",,A84101682,AV,FUENTE DE LA MORA,4,,28050,MADRID,,ES,,0918377810,,0913841945,,,,0000,18/09/2007,06/10/2004,,28,,N,,,,,,,,12,,FINANCIERA ESPAÑOLA CREDITO DISTANC,FINDIRECT,ES,,,,,,0000,,
EFC,8826,50000,"DEUTSCHE LEASING IBERICA, E.F.C., S.A.","DEUTSCHE LEASING IBERICA, E.F.C., S.A.",,A84838200,PZ,EUROPA,"9-11, PL.8",TORRE INBISA,8908,LþHOSPITALET DE LLOBREGAT,,ES,,0932988843,,0932965774,,,,0000,24/09/2012,06/11/2006,,08,,N,,,,,,,,09,,"DEUTSCHE LEASING IBERICA, E.F.C, SA",DEUTSCHE LEASIN,ES,CAMBIO DE DOMICILIO,,,D,,0000,,
EFC,8828,50000,"IOS FINANCE E.F.C., S.A.","IOS FINANCE E.F.C., S.A.",,A64512759,PS,DE LA CASTELLANA,18,,28046,MADRID,,ES,,0935114025,,0935114028,,,,0000,29/11/2017,10/05/2007,,28,,N,,,,,,,,12,,"IOS FINANCE E.F.C., S.A.",IOS FINANCE,ES,CAMBIO DE DOMICILIO,,,D,,0000,,
EFC,8833,50000,"SG EQUIPMENT FINANCE IBERIA, E.F.C., S.A.","SG EQUIPMENT FINANCE IBERIA, E.F.C., S.A.",,A86106838,CL,CALERUEGA,81,"PL. 6, PTA. A",28033,MADRID,,ES,,0913834340,,0917670919,,,,0000,19/12/2011,19/12/2011,,28,,N,,,,,,,,12,,"SG EQUIPMENT FINANCE IBERIA,EFC,SA",SGEFI,ES,ALTA,,,A,,1466,,
EFC,8835,50000,"SANTANDER BRASIL, E.F.C., S.A.","SANTANDER BRASIL, ESTABLECIMIENTO FINANCIERO DE CREDITO, S.A.",,A86426335,AV,DE CANTABRIA,S/N,CIUDAD GR. SANTANDER,28660,BOADILLA DEL MONTE,MADRID,ES,,,,,,,,0000,28/03/2012,28/03/2012,,28,,N,,,,,,,,12,,"SANTANDER BRASIL, E.F.C., S.A.",SANTANDERBRASIL,ES,ALTA,,,A,,0000,,
EFC,8836,50000,"TELEFONICA CONSUMER FINANCE, E.F.C., S.A.","TELEFONICA CONSUMER FINANCE, ESTABLECIMIENTO FINANCIERO DE CREDITO, S.A.",,A86897980,CL,CALERUEGA,102,,28033,MADRID,,ES,,0913834031,,0917665218,www.telefonicaconsumerfinance.net,,,0000,19/02/2014,19/02/2014,,28,,N,,,,,,,,12,,TELEFONICA CONSUMER FINANCE EFC S.A,TELEF CONS FIN,ES,ALTA,,,A,,0000,,
EFC,8838,50000,"PSA FINANCIAL SERVICES SPAIN E.F.C., S.A.","PSA FINANCIAL SERVICES SPAIN E.F.C., S.A.",,A87323705,CL,EDUARDO BARREIROS,110,,28041,MADRID,MADRID,ES,,0913472723,,0913472634,WWW.BANQUEPSA.ES,,,0000,28/03/2016,24/09/2015,,28,,N,,,,,,,,12,,PSA FINANCIAL SERVICES SPAIN EFC,PSA FINANCIAL S,ES,CAMBIO DE DOMICILIO,,,D,,0000,,
EFC,8906,50000,"SANTANDER FACTORING Y CONFIRMING, S.A., E.F.C.","SANTANDER FACTORING Y CONFIRMING, S.A., E.F.C.",,A78287562,AV,DE CANTABRIA,S/N,CIUDAD GRP.SANTANDER,28660,BOADILLA DEL MONTE,MADRID,ES,,0913422715,,0913422756,WWW.CONFIRMING.ES,,,0000,21/07/2005,03/12/1996,,28,,N,,,,,,,,12,,SANTANDER FACTORING Y CONFIRMING,SANTANDER FACTO,ES,CAMBIO DE DOMICILIO,,,D,,0000,,
EFC,8769,50000,"UNION FINANCIERA ASTURIANA, S.A., E.F.C.","UNION FINANCIERA ASTURIANA, S.A., ESTABLECIMIENTO FINANCIERO DE CREDITO",,A33053984,CL,ARQUITECTO REGUERA,3,ENTRESUELO A,33004,OVIEDO,ASTURIAS,ES,,0985277427,,0985233030,,,,0000,07/05/2018,28/08/1996,,33,,N,,,,,,,,03,,"UNION FINANCIERA ASTURIANA, S.A.",ASTURIANA,ES,,,,,,0000,,
EFC,8804,50000,"COFIBER FINANCIERA, E.F.C., S.A.","COFIBER FINANCIERA, ESTABLECIMIENTO FINANCIERO DE CREDITO, SOCIEDAD ANONIMA",,A79352274,CL,ALCALA,65,PL. 3,28014,MADRID,,ES,,0915320600,,0915326516,,,,0000,03/09/2013,17/12/1996,,28,,N,,,,,,,,12,,"COFIBER FINANCIERA, E.F.C., S.A.",COFIBER,ES,CAMBIO DE DOMICILIO,,,D,,0000,,
EFC,8805,50000,"FINANCIERA EL CORTE INGLES E.F.C., S.A.","FINANCIERA EL CORTE INGLES E.F.C., S.A.",,A81322448,CL,HERMOSILLA,112,,28009,MADRID,,ES,,0914018500,,0914013385,WWW.ELCORTEINGLES.ES,,,0000,17/12/2002,09/12/1996,,28,,N,,,,,,,,12,,FINANCIERA EL CORTE INGLES E.F.C.,EL CORTE INGLES,ES,,,,,,0000,,
EFC,8806,50000,"VFS FINANCIAL SERVICES SPAIN E.F.C., S.A.","VFS FINANCIAL SERVICES SPAIN, E.F.C., S.A.",,A81501157,CL,BASAURI,7-9,,28023,MADRID,,ES,,0913727800,,0913728203,,,,0000,28/08/2014,01/08/1996,,28,,N,,,,,,,,12,,"VFS FINANCIAL SERV. E.F.C., S.A.",VFS FINANCIAL,ES,CAMBIO DE DOMICILIO,,,D,,0000,,
CC,3008,40000,"CAJA R. DE NAVARRA, S.C.C.","CAJA RURAL DE NAVARRA, S. COOP. DE CREDITO",,F31021611,PZ,DE LOS FUEROS,1,,31003,PAMPLONA,NAVARRA,ES,,0948168100,,0948244557,WWW.RURALVIA.COM/NAVARRA,,,0000,31/10/2014,15/09/1969,,31,,N,,,,,,,,14,,"CAJA R. DE NAVARRA, S.C.C.",C.R. DE NAVARRA,ES,,,,,95980020140005439549,0000,,BCOEESMM008
CC,3009,40000,"CAJA R. DE EXTREMADURA, S.C.C.","CAJA RURAL DE EXTREMADURA, SOCIEDAD COOPERATIVA DE CREDITO",,F06002661,AV,SANTA MARINA,15,,6005,BADAJOZ,,ES,,0924207474,,0924234023,WWW.CREXTREMADURA.COM,,,0000,30/12/2014,14/11/1972,,06,,N,,,,,,,,10,,"CAJA R. DE EXTREMADURA, S.C.C.",C.R.EXTREMADURA,ES,,,,,95980020140005212375,0000,,BCOEESMM009
CC,3016,40000,"CAJA R. DE SALAMANCA, S.C.C.","CAJA RURAL DE SALAMANCA, SOCIEDAD COOPERATIVA DE CREDITO",,F37015856,,PUERTA DE ZAMORA,2,,37005,SALAMANCA,,ES,,0923128600,,0923128615,WWW.CAJARURAL.COM/SALAMANCA,,,0000,18/11/2014,16/10/1969,,37,,N,,,,,,,,07,,"CAJA R. DE SALAMANCA, S.C.C.",C.R. SALAMANCA,ES,,,,,95980020140005429655,0000,,BCOEESMM016
CC,3017,40000,"CAJA R. DE SORIA, S.C.C.","CAJA RURAL DE SORIA, SOCIEDAD COOPERATIVA DE CREDITO",,F42001255,CL,DIPUTACION,1,,42002,SORIA,,ES,,0975212840,,0975228937,WWW.RURALVIA.COM/SORIA,,,0000,11/11/2014,03/06/1969,,42,CAJA SORIA,S,,,,,,,,07,,"CAJA R. DE SORIA, S.C.C.",CAJA SORIA,ES,,,,,95980020140005396966,0000,,BCOEESMM017
CC,3018,40000,"CAJA R.R.S.AGUSTIN DE FUENTE ALAMO M., S.C.C.","CAJA RURAL REGIONAL SAN AGUSTIN FUENTE ALAMO MURCIA, SOCIEDAD COOPERATIVA DE CREDITO",,F30603476,,GRAN VIA,1,,30320,FUENTE ALAMO,MURCIA,ES,,0968597211,,0968597700,WWW.RURALREGIONAL.ES,,,0000,19/12/2014,03/06/1969,,30,,N,,,,,,,,13,,"C.R.R.S.AGUSTIN FUENTE ALAMO M.,SCC",C.R.R.S.AGUSTIN,ES,,,,,95980020140005220038,0000,,BCOEESMM018
CC,3020,40000,"CAJA R. DE UTRERA, S.C.A.C.","CAJA RURAL DE UTRERA, SOCIEDAD COOPERATIVA ANDALUZA DE CREDITO",,F41016544,PZ,ALTOZANO,22,,41710,UTRERA,SEVILLA,ES,,0954862233,,0954864610,WWW.CAJARURAL.COM/UTRERA,,,0000,05/11/2014,25/03/1971,,41,,N,,,,,,,,01,,"CAJA R. DE UTRERA, S.C.A.C.",C.R. DE UTRERA,ES,,,,,95980020140005219941,0000,,BCOEESMM020
CC,3023,40000,"CAJA R. DE GRANADA, S.C.C.","CAJA RURAL DE GRANADA, SOCIEDAD COOPERATIVA DE CREDITO",,F18009274,AV,DON BOSCO,2,,18006,GRANADA,,ES,,0958242400,,0958242424,E-RURALGRANADA.COM,,,0000,28/02/2018,25/03/1971,,18,,N,,,,,,,,01,,"CAJA R. DE GRANADA, S.C.C.",C.R.DE GRANADA,ES,,,,,95980020140005220135,0000,,BCOEESMM023
CC,3025,40000,"CAIXA DE C. DELS ENGINYERS-C.C. INGENIEROS, S.C.C","CAIXA DE CREDIT DELS ENGINYERS- CAJA DE CREDITO DE LOS INGENIEROS,  S. COOP. DE CREDITO",,F08216863,,VIA LAIETANA,39,,8003,BARCELONA,,ES,,0933106000,,0933100060,WWW.CAJA-INGENIEROS.ES,,,0000,07/08/2015,10/06/1968,,08,,N,,,,,,,,09,,"CAIXA C. DELS ENGINYERS, S.C.C.",C. D'ENGINYERS,ES,CAMBIO DE DOMICILIO,,,D,5493007RT80TMKY7TO30,0000,,CDENESBBXXX
CC,3029,40000,"CAJA DE CREDITO DE PETREL, CAJA RURAL, C.C.V.","CAJA DE CREDITO DE PETREL, CAJA RURAL, COOPERATIVA DE CREDITO VALENCIANA",,F03014982,CL,SAN BARTOLOME,2,,3610,PETRER,ALICANTE,ES,,0966952780,,0966952798,www.grupocooperativocajamar.es/caixapetrer/es/comun/,,,0000,07/11/2017,04/04/1968,,03,CAIXAPETRER,S,,,,,,,,15,,"CAJA DE CREDITO DE PETREL,C.R.,CCV",CAIXAPETRER,ES,,,,,635400AOYRRGOJUGAX32,0000,,CCRIES2A029
CC,3035,40000,CAJA LABORAL POPULAR COOP. DE CREDITO,CAJA LABORAL POPULAR COOP. DE CREDITO,,F75076935,PS,JOSE MARIA ARIZMENDIARRIETA,S/N,,20500,MONDRAGON,GIPUZKOA,ES,,0943719500,,0943719778,WWW.CAJALABORAL.ES,,,0000,18/11/2014,10/12/2012,,20,,N,,,,,,,,16,,CAJA LABORAL POPULAR COOP. CREDITO,CAJA LABORAL,ES,,,,,549300G3C8M0WXQCWH61,0000,,CLPEES2MXXX
CC,3045,40000,"CAIXA R. ALTEA, C.C.V.","CAIXA RURAL ALTEA, COOPERATIVA DE CREDIT VALENCIANA",,F03027901,PJ,LABRADOR,1,,3590,ALTEA,ALICANTE,ES,,0965841350,,0965842049,www.grupocooperativocajamar.es/caixaltea/es/comun/,,,0000,07/11/2017,30/03/1971,,03,CAIXALTEA,S,,,,,,,,15,,"CAIXA R. ALTEA, C.C.V.",CAIXALTEA,ES,,,,,635400AAPLXTJGKCMB39,0000,,CCRIES2A045
CC,3058,40000,"CAJAMAR CAJA RURAL, S.C.C.","CAJAMAR CAJA RURAL, SOCIEDAD COOPERATIVA DE CREDITO",,F04743175,PZ,DE BARCELONA,5,,4006,ALMERIA,,ES,,0950210100,,0950266578,www.cajamar.es/es/comun/,,,0000,07/11/2017,12/11/2012,,04,CAJAMAR CAJA RURAL,S,,,,,,,,01,,"CAJAMAR CAJA RURAL, S.C.C.",CAJAMAR CAJA RU,ES,,,,,635400CE9HHFB55PEY43,3498,,CCRIES2AXXX
CC,3059,40000,"CAJA R. DE ASTURIAS, S.C.C.","CAJA RURAL DE ASTURIAS, SOCIEDAD COOPERATIVA DE CREDITO",,F33007337,CL,MELQUIADES ALVAREZ,7,,33002,OVIEDO,ASTURIAS,ES,,0985220591,,0985227149,WWW.RURALVIA.COM/ASTURIAS/,,,0000,28/11/2014,16/09/1965,,33,,N,,,,,,,,03,,"CAJA R. DE ASTURIAS, S.C.C.",C.R. ASTURIAS,ES,,,,,95980020140005219553,0000,,BCOEESMM059
CC,3060,40000,"C.R. BURGOS,FUENTEPELAYO,SEGOVIA Y CASTELLDANS,SCC","CAJA RURAL DE BURGOS, FUENTEPELAYO, SEGOVIA Y CASTELLDANS, SOCIEDAD COOPERATIVA DE CREDITO",,F40248791,CL,LOS COCHES,2-4,,40002,SEGOVIA,,ES,,0947257400,,0947271683,,,,0000,19/12/2014,23/07/2012,,40,CAJAVIVA,S,,,,,,,,07,,"C.R.BURGOS,FUENT.,SEGOV.Y CASTEL.SC",CAJAVIVA,ES,,,,,95980020140005485624,3499,,BCOEESMM060
CC,3067,40000,"CAJA R. DE JAEN, BARCELONA Y MADRID, S.C.C.","CAJA RURAL DE JAEN, BARCELONA Y MADRID, SOCIEDAD COOPERATIVA DE CREDITO",,F23009145,CL,"EL CONDADO, MANZANA 23",,PQ. C. TECNO. GEOLIT,23620,MENGIBAR,JAEN,ES,,0953210100,,0953265120,WWW.RURALVIA.COM/JAEN,,,0000,18/11/2014,01/06/1965,,23,,N,,,,,,,,01,,"C.R. DE JAEN, BARNA Y MADRID, SCC",C.R. JAEN,ES,,,,,95980020140005418403,0000,,BCOEESMM067
CC,3070,40000,"CAIXA R. GALEGA, S.C.C.L.G.","CAIXA RURAL GALEGA, SOCIEDAD COOPERATIVA DE CREDITO LIMITADA GALLEGA",,F27005164,AV,MONTERO RIOS,24-26,,27002,LUGO,,ES,,0982280220,,0982280947,WWW.RURALVIA.COM/LUGO,,,0000,01/09/2014,29/03/1969,,27,,N,,,,,,,,11,,"CAIXA R. GALEGA, S.C.C.L.G.",C.R. GALEGA,ES,,,,,95980020140005488437,0000,,BCOEESMM070
CC,3076,40000,"CAJASIETE, CAJA RURAL, S.C.C.","CAJASIETE, CAJA RURAL, SOCIEDAD COOPERATIVA DE CREDITO",,F38005245,AV,MANUEL HERMOSO ROJAS,8,,38003,STA. CRUZ DE TENERIFE,TENERIFE,ES,,0922608400,,0922608406,WWW.CAJASIETE.COM,,,0000,11/11/2014,21/06/1966,,38,CAJASIETE,S,,,,,,,,05,,"CAJASIETE, CAJA RURAL, S.C.C.",CAJASIETE,ES,,,,,95980020140005485333,0000,,BCOEESMM076
CC,3080,40000,"CAJA R. DE TERUEL, S.C.C.","CAJA RURAL DE TERUEL, SOCIEDAD COOPERATIVA DE CREDITO",,F44002756,PZ,CARLOS CASTEL,14,,44001,TERUEL,,ES,,0978617100,,0978603278,WWW.CAJARURAL.COM/TERUEL/       HOME.HTML,,,0000,09/01/2015,14/12/1965,,44,,N,,,,,,,,02,,"CAJA R. DE TERUEL, S.C.C.",C.R. DE TERUEL,ES,,,,,95980020140005417336,0000,,BCOEESMM080
CC,3081,40000,"EUROCAJA RURAL, SOCIEDAD COOPERATIVA DE CRÉDITO","EUROCAJA RURAL, SOCIEDAD COOPERATIVA DE CRÉDITO",,F45003993,CL,MEJICO,2,,45004,TOLEDO,,ES,,0925269600,,0925212951,WWW.CAJARURALCASTILLALAMANCHA.ES,,,0000,31/05/2018,21/07/1965,,45,,N,,,,,,,,08,,"EUROCAJA RURAL, S.C.C.","EUROCAJA RURAL,",ES,CAMBIO DE DENOMINACION,,,N,95980020140005552166,0000,,BCOEESMM081
CC,3085,40000,"CAJA R. DE ZAMORA, C.C.","CAJA RURAL DE ZAMORA, COOPERATIVA DE CREDITO",,F49002454,AV,ALFONSO IX,7,,49013,ZAMORA,,ES,,0980532671,,0980534649,WWW.CAJARURAL.COM/ZAMORA,,,0000,29/12/2014,23/10/1965,,49,,N,,,,,,,,07,,"CAJA R. DE ZAMORA, C.C.",C.R. DE ZAMORA,ES,,,,,95980020140005219844,0000,,BCOEESMM085
CC,3089,40000,CAJA R. BAENA NTRA. SRA. GUADALUPE S.C.C.A.,CAJA RURAL DE BAENA NTRA. SRA. DE GUADALUPE SOCIEDAD COOPERATIVA DE CREDITO ANDALUZA,,F14016166,CL,DUQUE DE RIVAS,3,,14850,BAENA,CORDOBA,ES,,0957670772,,0957670749,WWW.RURALVIA.COM/BAENA/,,,0000,12/11/2014,04/12/1973,,14,,N,,,,,,,,01,,"CAJA R. BAENA NTRA, SRA, GUADALUPE",C.R.BAENA,ES,,,,,95980020140005396869,0000,,BCOEESMM089
CC,3095,40000,CAJA R. S. ROQUE DE ALMENARA S.C.C.V.,CAJA RURAL SAN ROQUE DE ALMENARA S.COOP. DE CREDITO V.,,F12013306,CL,DOCTOR BERENGUER,4,,12590,ALMENARA,CASTELLON,ES,,0962610054,,0962611103,www.grupocooperativocajamar.es/caixaruralalmenara/es/comun/,,,0000,07/11/2017,21/11/1974,,12,,N,,,,,,,,15,,CAJA R. S. ROQUE DE ALMENARA SCCV,C.R. S.ROQUE,ES,,,,,635400LATQHBDJVK2O07,0000,,CCRIES2A095
CC,3096,40000,"CAIXA R. DE L'ALCUDIA, S.C.V.C.","CAIXA RURAL DE L'ALCUDIA, SOCIEDAD COOPERATIVA VALENCIANA DE  CREDITO",,F46043790,AV,VERGE DE L'ORETO,2,,46250,L'ALCUDIA,VALENCIA,ES,,0962540166,,0962540427,,,,0000,28/10/2014,03/12/1974,,46,,N,,,,,,,,15,,"CAIXA R. DE L'ALCUDIA, SCVC",C.R. L'ALCUDIA,ES,,,,,95980020140005551293,0000,,BCOEESMM096
CC,3098,40000,"CAJA RURAL DE NUEVA CARTEYA, S.C.A.C.","CAJA RURAL DE NUEVA CARTEYA,  SOCIEDAD COOPERATIVA ANDALUZA DE CREDITO",,F14011415,AV,ANDALUCIA,6,,14857,NUEVA CARTEYA,CORDOBA,ES,,0957678228,,0957678054,WWW.RURALVIA.COM/CARTEYA/,,,0000,22/11/2016,03/01/1975,,14,,N,,,,,,,,01,,"CAJA RURAL DE NUEVA CARTEYA,SCAC",C.R. NUEVA CART,ES,CAMBIO DE DENOMINACION,,,N,95980020140005992740,0000,,BCOEESMM098
CC,3102,40000,"CAIXA R. S. VICENT FERRER DE LA VALL D'UIXO,C.C.V.","CAIXA RURAL SANT VICENT FERRER DE LA VALL D'UIXO, COOP. DE CREDIT V.",,F12014221,PZ,CENTRO,4,,12600,VALL DE UXO,CASTELLON,ES,,0964663012,,0964661988,www.grupocooperativocajamar.es/caixasantvicent/es/comun/,,,0000,07/11/2017,07/01/1975,,12,C. SANT VICENT,S,,,,,,,,15,,CAIXA R. S. VICENT FERRER,C. SANT VICENT,ES,,,,,635400NY7IQMBTTK4D30,0000,,BCOEESMM102
CC,3104,40000,"CAJA R. DE CAÑETE TORRES NTRA.SRA.DEL CAMPO,S.C.A.",CAJA RURAL DE CAÑETE DE LAS TORRES  NTRA.SRA.DEL CAMPO SOCIEDAD COOPERATIVA ANDALUZA DE CREDITO,,F14011407,PZ,ESPAÑA,5,,14660,CAÑETE DE LAS TORRES,CORDOBA,ES,,0957183031,,0957183031,,,,0000,05/12/2017,11/04/1975,,14,C.R.CAÑETE,S,,,,,,,,01,,"C.R.CAÑETE TORRES N.SRA.CAMPO,SCA",C.R.CAÑETE,ES,CAMBIO DE DOMICILIO,,,D,95980050FR4XC5F5QU23,0000,,BCOEESMM104
CC,3105,40000,"CAIXA R. DE CALLOSA D'EN SARRIA, C.C.V.","CAIXA RURAL DE CALLOSA D'EN SARRIA, COOPERATIVA DE CREDITO VALENCIANA",,F03042595,AV,JAIME I,1,,3510,CALLOSA D'EN SARRIA,ALICANTE,ES,,0965880058,,0965880001,www.grupocooperativocajamar.es/caixacallosa/es/comun/,,,0000,07/11/2017,15/04/1975,,03,CAIXACALLOSA,S,,,,,,,,15,,"CAIXA R. DE CALLOSA D'EN SARRIA,CCV",CAIXACALLOSA,ES,,,,,635400Q3SPCPIHXXGR35,0000,,CCRIES2A105
CC,3110,40000,"CAJA R. CATOLICO AGRARIA, S.C.C.V.","CAJA RURAL CATOLICO AGRARIA, S. COOP. DE CREDITO V.",,F12013223,PZ,MAYOR,10,,12540,VILLARREAL DE LOS INFANTES,CASTELLON,ES,,0964520200,,0964521798,www.grupocooperativocajamar.es/caixaruralvila-real/es/comun/,,,0000,07/11/2017,01/07/1975,,12,,N,,,,,,,,15,,"CAJA R. CATOLICO AGRARIA, S.C.C.V.",C.R.VILLARREAL,ES,,,,,635400T8P82JKHPUBD58,0000,,BCOEESMM110
CC,3111,40000,"CAIXA R. LA VALL 'S. ISIDRO', S.C.C.V.","CAIXA RURAL LA VALL 'SAN ISIDRO', SOCIEDAD COOPERATIVA DE CREDITO VALENCIANA",,F12013207,AV,CORAZON DE JESUS,3,,12600,VALL DE UXO,CASTELLON,ES,,0964697989,,0964697988,WWW.CAIXARURALLAVALL.COM,,,0000,07/11/2014,11/07/1975,,12,,N,,,,,,,,15,,"C.R. LA VALL ""S.ISIDRO, S.C.C.V",C.R. LA VALL,ES,,,,,95980020140005651785,0000,,BCOEESMM111
CC,3112,40000,"CAJA R. S. JOSE DE BURRIANA, S.C.C.V.","CAJA RURAL SAN JOSE DE BURRIANA, S. COOP. DE CREDITO V.",,F12013256,PZ,EL PLA,1,,12530,BURRIANA,CASTELLON,ES,,0964510927,,0964517350,www.grupocooperativocajamar.es/caixaruralburriana/es/comun/,,,0000,07/11/2017,17/07/1975,,12,,N,,,,,,,,15,,"CAJA R. S. JOSE DE BURRIANA, SCCV",C.R. SAN JOSE,ES,,,,,635400QRDROC5REDLP11,0000,,CCRIES2A112
CC,3113,40000,CAJA R. S. JOSE DE ALCORA S.C.C.V.,CAJA RURAL SAN JOSE DE ALCORA S. COOP. DE CREDITO V.,,F12013272,CL,SAN FRANCISCO,14,,12110,ALCORA,CASTELLON,ES,,0964360976,,0964360976,WWW.RURALVIA.COM/ALCORA,,,0000,06/11/2014,05/08/1975,,12,,N,,,,,,,,15,,CAJA R. S. JOSE DE ALCORA S.C.C.V.,SAN JOSE ALCORA,ES,,,,,95980020140005485430,0000,,BCOEESMM113
CC,3115,40000,"CAJA R. 'NUESTRA MADRE DEL SOL', S.C.A.C.","CAJA RURAL 'NUESTRA MADRE DEL SOL', S. COOP. ANDALUZA DE CREDITO",,F14011399,CL,ALTO GUADALQUIVIR,4,,14430,ADAMUZ,CORDOBA,ES,,0957166028,,0957166313,,,,0000,29/12/2014,29/07/1975,,14,,N,,,,,,,,01,,"CAJA R.""NUESTRA MADRE DEL SOL"",SCAC",CR N. MADRE SOL,ES,,,,,959800STU2BCZ8XZG570,0000,,BCOEESMM115
CC,3117,40000,"CAIXA R. D'ALGEMESI, S.C.V.C.","CAIXA RURAL D'ALGEMESI, S. COOP. V. DE CREDIT",,F46043782,CL,SAN JOSE DE CALASANZ,6,,46680,ALGEMESI,VALENCIA,ES,,0962488030,,0962484511,WWW.CAJARURAL.COM/RURALES/3117,,,0000,27/10/2014,26/09/1975,,46,,N,,,,,,,,15,,"CAIXA R. D'ALGEMESI, S.C.V.C.",C.R.D'ALGEMESI,ES,,,,,95980020140005620357,0000,,BCOEESMM117
CC,3118,40000,CAIXA RURAL TORRENT C.C.V.,CAIXA RURAL TORRENT COOPERATIVA DE CREDIT VALENCIANA,,F46047809,AV,AL VEDAT,3,,46900,TORRENT,VALENCIA,ES,,0961550054,,0961575952,www.grupocooperativocajamar.es/ruraltorrent/es/comun/,,,0000,07/11/2017,03/10/1975,,46,,N,,,,,,,,15,,CAIXA RURAL TORRENT C.C.V.,C.R.TORRENT,ES,,,,,635400FTUWGNM6CHRI73,0000,,CCRIES2A118
CC,3119,40000,CAJA R. S. JAIME ALQUERIAS NIÑO PERDIDO S.C.C.V.,CAJA RURAL SAN JAIME DE ALQUERIAS NIÑO PERDIDO S. COOP. DE CREDITO V.,,F12013298,CL,JAIME CHICHARRO,24,,12539,ALQUERIAS NIÑO PERDIDO,CASTELLON,ES,,0964591717,,0964516001,www.grupocooperativocajamar.es/caixalqueries/es/comun/,,,0000,07/11/2017,03/10/1975,,12,,N,,,,,,,,15,,CAJA R. S. JAIME ALQUERIAS SCCV,C.R. S. JAIME,ES,,,,,635400PG53OKXYYLRB68,0000,,CCRIES2A119
CC,3121,40000,"CAJA R. DE CHESTE, S.C.C.","CAJA RURAL DE CHESTE, SOCIEDAD COOPERATIVA DE CREDITO",,F46025433,PZ,DOCTOR CAJAL,2,,46380,CHESTE,VALENCIA,ES,,0962515502,,0962515646,www.grupocooperativocajamar.es/crcheste/es/comun/,,,0000,07/11/2017,30/01/1976,,46,,N,,,,,,,,15,,"CAJA R. DE CHESTE, S.C.C.",C.R. DE CHESTE,ES,,,,,635400OVO6HWLUD2YY08,0000,,CCRIES2A121
CC,3123,40000,"CAIXA R. DE TURIS, C.C.V.","CAIXA RURAL DE TURIS, COOPERATIVA DE CREDITO VALENCIANA",,F46027504,PZ,CONSTITUCION,2,,46389,TURIS,VALENCIA,ES,,0962526061,,0962526526,www.grupocooperativocajamar.es/caixaturis/es/comun/,,,0000,07/11/2017,13/02/1976,,46,,N,,,,,,,,15,,"CAIXA R. DE TURIS, C.C.V.",C.R. DE TURIS,ES,,,,,6354007ZW5CLO6YHGK36,0000,,CCRIES2A123
CC,3127,40000,"CAJA R. DE CASAS IBAÑEZ, S.C.C.CASTILLA-LA MANCHA","CAJA RURAL DE CASAS IBAÑEZ, S. COOP. DE CREDITO DE CASTILLA-LA MANCHA",,F02004182,CL,TERCIA,49,,2200,CASAS IBAÑEZ,ALBACETE,ES,,0967460312,,0967460344,WWW.RURALVIA.COM/CASASIBANEZ,,,0000,21/10/2014,23/04/1976,,02,,N,,,,,,,,08,,"C.R.CASAS IBAÑEZ,SCC CASTI-LAMANCHA",C.R.CASASIBAÑEZ,ES,,,,,95980020140005993904,0000,,BCOEESMM127
CC,3130,40000,"CAJA R. S. JOSE DE ALMASSORA, S.C.C.V.","CAJA RURAL SAN JOSE DE ALMASSORA, S. COOP. DE CREDITO V.",,F12013280,CL,TRINIDAD,20,,12550,ALMASSORA,CASTELLON,ES,,0964560003,,0964550248,WWW.TUCAJARURAL.COM,,,0000,22/10/2014,04/05/1976,,12,CAIXA ALMASSORA,S,,,,,,,,15,,"CAJA R. S. JOSE DE ALMASSORA, SCCV",CAIXA ALMASSORA,ES,,,,,95980020140005486594,0000,,BCOEESMM130
CC,3134,40000,"CAJA R. NTRA. SRA. LA ESPERANZA DE ONDA, S.C.C.V.","CAJA RURAL NUESTRA SEÑORA DE LA ESPERANZA DE ONDA, S. COOP. DE CREDITO V.",,F12013157,PZ,EL PLA,19,,12200,ONDA,CASTELLON,ES,,0964776677,,0964600066,WWW.RURALVIA.COM/ONDA,,,0000,04/11/2014,04/06/1976,,12,,N,,,,,,,,15,,"C.R. NTRA.SRA. ESPERANZA DE ONDA,SC",C.R. ESPERANZA,ES,,,,,95980020140005523939,0000,,BCOEESMM134
CC,3135,40000,CAJA R. S. JOSE DE NULES S.C.C.V.,CAJA RURAL SAN JOSE DE NULES S. COOP. DE CREDITO V.,,F12013140,CL,MAYOR,66,,12520,NULES,CASTELLON,ES,,0964656065,,0964673809,www.grupocooperativocajamar.es/caixaruralnules/es/comun/,,,0000,07/11/2017,08/06/1976,,12,,N,,,,,,,,15,,CAJA R. S. JOSE DE NULES SCCV,SAN JOSE NULES,ES,,,,,635400T6AXCIH7EOTO46,0000,,CCRIES2A135
CC,3138,40000,"RURALNOSTRA, S.C.C.V.","RURALNOSTRA, SOCIEDAD COOPERATIVA DE CREDITO VALENCIANA",,F12013322,CL,DE TALES,2,,12549,BETXI,CASTELLON,ES,,0964623003,,0964621122,WWW.RURALNOSTRA.COM,,,0000,08/10/2015,03/08/1976,,12,,N,,,,,,,,15,,"RURALNOSTRA, S.C.C.V.","RURALNOSTRA, S.",ES,CAMBIO DE DENOMINACION,,,V,95980020140005310054,0000,,BCOEESMM138
CC,3140,40000,"CAJA R. DE GUISSONA, S.C.C.","CAJA RURAL DE GUISSONA, SOCIEDAD COOPERATIVA DE CREDITO",,F25014754,CL,TRASPALAU,8,,25210,GUISSONA,LLEIDA,ES,,0973550248,,0973550788,,,,0000,29/10/2014,07/09/1976,,25,,N,,,,,,,,09,,"CAJA R. DE GUISSONA, S.C.C.",C.R.DE GUISSONA,ES,,,,,95980020140005925519,0000,,BCOEESMM140
CC,3144,40000,"CAJA R. DE VILLAMALEA, S.C.C.A. CASTILLA-LA MANCHA","CAJA RURAL DE VILLAMALEA, S. COOP. DE CREDITO AGRARIO DE CASTILLA-LA MANCHA",,F02004299,PZ,DE LA CONCEPCION,1,,2270,VILLAMALEA,ALBACETE,ES,,0967483026,,0967483672,WWW.RURALVIA.COM/VILLAMALEA,,,0000,22/10/2014,22/02/1977,,02,,N,,,,,,,,08,,"CAJA R. DE VILLAMALEA, S.C.C.A.",C.R. VILLAMALEA,ES,,,,,95980020140005977802,0000,,BCOEESMM144
CC,3150,40000,CAJA RURAL DE ALBAL COOP. DE CREDITO V.,CAJA RURAL DE ALBAL COOP. DE CREDITO V.,,F46043824,PZ,DEL JARDI,24,,46470,ALBAL,VALENCIA,ES,,0961260075,,0961268683,,,,0000,31/10/2014,20/05/1977,,46,,N,,,,,,,,15,,CAJA RURAL DE ALBAL COOP. CREDITO V,C.R. DE ALBAL,ES,CAMBIO DE DENOMINACION,,,N,95980020140005350406,0000,,BCOEESMM150
CC,3152,40000,CAJA R. DE VILLAR C.C.V.,"CAJA RURAL DE VILLAR, COOP. DE CREDITO V.",,F46043816,CL,LAS CRUCES,33,,46170,VILLAR DEL ARZOBISPO,VALENCIA,ES,,0961646034,,0961646159,www.grupocooperativocajamar.es/crvillar/es/comun/,,,0000,07/11/2017,14/06/1977,,46,,N,,,,,,,,15,,CAJA R. DE VILLAR C.C.V.,C.R. DE VILLAR,ES,,,,,635400TVFCZ8KWG6YZ06,0000,,CCRIES2A152
CC,3157,40000,"CAJA R. LA JUNQUERA DE CHILCHES, S.C.C.V.","CAJA RURAL LA JUNQUERA DE CHILCHES, S. COOP. DE CREDITO V.",,F12013124,PZ,ESPAÑA,8,,12592,CHILCHES,CASTELLON,ES,N,0964590089,,0964590404,www.grupocooperativocajamar.es/caixaruraldexilxes/es/comun/,,,0000,07/11/2017,05/08/1977,,12,,N,,,,,,,,15,,"CAJA R. LA JUNQUERA CHILCHES, SCCV",CAIXA R. XILXES,ES,,,,,635400JGUDBXA9SJAT89,0000,,CCRIES2A157
CC,3159,40000,"CAIXA POPULAR-CAIXA RURAL, S.C.C.V.","CAIXA POPULAR-CAIXA RURAL, S. COOP. DE CREDITO V.",,F46090650,AV,JUAN DE LA CIERVA,9,,46980,PATERNA,VALENCIA,ES,,0961318282,,0961318182,,,,0000,11/11/2014,02/08/1977,,46,,N,,,,,,,,15,,"CAIXA POPULAR-CAIXA RURAL, S.C.C.V.",CAIXA POPULAR,ES,,,,,95980020140005480677,0000,,BCOEESMM159
CC,3160,40000,"CAIXA R.S.JOSEP DE VILAVELLA, S.C.C.V.","CAIXA RURAL SANT JOSEP DE VILAVELLA, S. COOP. DE CREDITO V.",,F12013231,CL,CUEVA SANTA,11,,12526,VILLAVIEJA,CASTELLON,ES,,0964678000,,0964678133,www.grupocooperativocajamar.es/caixaruralvilavella/es/comun/,,,0000,07/11/2017,03/11/1977,,12,,N,,,,,,,,15,,"CAIXA R.S.JOSEP DE VILAVELLA,SCCV",C.R. VILAVELLA,ES,,,,,635400J15IRJJXMI6M28,0000,,CCRIES2A160
CC,3162,40000,"CAIXA R. BENICARLO, S.C.C.V.","CAIXA RURAL BENICARLO, S. COOP. DE  CREDIT V.",,F12013348,AV,JOAN CARLES I,18,,12580,BENICARLO,CASTELLON,ES,,0964474062,,0964472761,WWW.CAJARURAL.COM/BENICARLO,,,0000,29/10/2014,15/11/1977,,12,,N,,,,,,,,15,,"CAIXA R. BENICARLO, S.C.C.V.",C.R. BENICARLO,ES,,,,,95980020140005418791,0000,,BCOEESMM162
CC,3165,40000,"CAJA R. S. ISIDRO DE VILAFAMES, S.C.C.V.",CAJA RURAL SAN ISIDRO DE VILAFAMES  S. COOP. DE CREDITO V.,,F12013215,AV,BARCELO,6,,12192,VILAFAMES,CASTELLON,ES,,0964329027,,0964329392,www.grupocooperativocajamar.es/caixaruralvilafames/es/comun/,,,0000,07/11/2017,18/11/1977,,12,,N,,,,,,,,15,,"CAJA R. S. ISIDRO VILAFAMES, SCCV",C.R. VILAFAMES,ES,,,,,635400GCLK5ZHSHH5B80,0000,,CCRIES2A165
CC,3166,40000,"CAIXA RURAL LES COVES DE VINROMA, S.C.C.V.","CAIXA RURAL LES COVES DE VINROMA, S. COOP. DE CREDIT V.",,F12013363,CL,SAN ANTONIO,27,,12185,LES COVES DE VINROMA,CASTELLON,ES,,0964426050,,0964426299,,,,0000,30/10/2014,18/11/1977,,12,,N,,,,,,,,15,,"C.R. LES COVES DE VINROMA, S.C.C.V.",CR COVES VINROM,ES,,,,,95980020140005621036,0000,,BCOEESMM166
CC,3174,40000,"CAIXA R. VINAROS, S.C.C.V.","CAIXA RURAL VINAROS, S. COOP. DE CREDIT. V.",,F12013249,CL,SAN CRISTOBAL,19,,12500,VINAROS,CASTELLON,ES,,0964407280,,0964407281,WWW.RURALVIA.COM,,,0000,11/11/2014,19/09/1978,,12,CAIXA VINAROS,S,,,,,,,,15,,"CAIXA R. VINAROS, S.C.C.V.",CAIXA VINAROS,ES,,,,,95980020140005382222,0000,,BCOEESMM174
CC,3179,40000,"CAJA R. DE ALGINET, S.C.C.V.","CAJA RURAL DE ALGINET, SOCIEDAD COOPERATIVA CREDITO VALENCIANA",,F46163598,CL,VALENCIA,13,,46230,ALGINET,VALENCIA,ES,,0961750400,,0961750433,www.grupocooperativocajamar.es/caixaruralalginet/es/comun/,,,0000,07/11/2017,18/12/1981,,46,,N,,,,,,,,15,,"CAJA R. DE ALGINET, S.C.C.V.",C.R. DE ALGINET,ES,,,,,635400AQCMGMEAGQB886,0000,,CCRIES2A179
CC,3183,40000,CAJA DE ARQUITECTOS S.C.C.,CAJA DE ARQUITECTOS S. COOP. DE CREDITO,,F08809808,CL,BARQUILLO,6,,28004,MADRID,,ES,,0934826810,,0934826801,WWW.ARQUIA.ES,,,0000,02/02/2018,29/03/1983,,28,ARQUIA,S,,,,,,,,12,,CAJA DE ARQUITECTOS S.C.C.,ARQUIA,ES,CAMBIO DE DOMICILIO,,,D,959800AQXRU3780MW094,0000,,CASDESBBXXX
CC,3184,40000,"CAJA DE CREDITO DE ALCOY, C.C.V. (EN LIQUIDACION)","CAJA DE CREDITO DE ALCOY, COOPERATIVA DE CREDITO VALENCIANA (EN LIQUIDACION)",,F03285467,CL,SANTA ROSA,48,,3800,ALCOY,ALICANTE,ES,,0965525112,B,0965524606,,,,0000,09/10/1998,24/08/1987,,03,,N,,,,,,,,15,,"CAJA DE CREDITO DE ALCOY, C.C.V.(L)",CAJA DE ALCOY,ES,,,,,,0000,,
CC,3186,40000,"CAIXA R. ALBALAT DELS SORELLS, C.C.V.","CAIXA RURAL ALBALAT DELS SORELLS, COOPERATIVA DE CREDIT VALENCIANA",,F96828728,CL,PADRE SALVADOR,11,,46135,ALBALAT DELS SORELLS,VALENCIA,ES,,0961490437,,0961495864,www.grupocooperativocajamar.es/caixalbalat/es/comun/,,,0000,07/11/2017,04/05/1999,,46,,N,,,,,,,,15,,"CAIXA R. ALBALAT DELS SORELLS,CCV",ALBALAT,ES,,,,,635400GMYR2GLR32FE78,0000,,CCRIES2A186
CC,3187,40000,"CAJA R. DEL SUR, S. COOP. DE CREDITO","CAJA RURAL DEL SUR, S. COOP. DE CREDITO",,F91119065,CL,MURILLO,2,,41001,SEVILLA,,ES,,0954599100,,0954228160,WWW.RURALVIA.COM/CRDELSUR,,,0000,03/06/2016,16/05/2001,,41,,N,,,,,,,,01,,"CAJA R. DEL SUR, S. COOP. CREDITO",CAJA R. SUR,ES,,,,,95980020140005375335,0000,,BCOEESMM187
CC,3190,40000,"C.R. DE ALBACETE, CIUDAD REAL Y CUENCA, S.C.C.","CAJA RURAL DE ALBACETE, CIUDAD REAL Y CUENCA, SOCIEDAD COOPERATIVA DE CREDITO",,F45755220,CL,TESIFONTE GALLEGO,18,,2002,ALBACETE,ALBACETE,ES,,0925504224,,0925504275,WWW.GLOBALCAJA.ES,,,0000,15/01/2016,08/11/2011,,02,GLOBALCAJA,S,,,,,,,,08,,"C.R. ALBACETE, C. REAL Y CUENCA,SCC",GLOBALCAJA,ES,CAMBIO DE DOMICILIO,,,D,95980020140005484654,0000,,BCOEESMM190
CC,3191,40000,CAJA RURAL DE ARAGON SOC. COOP. DE CREDITO,"CAJA RURAL DE ARAGON, SOCIEDAD COOPERATIVA DE CREDITO",,F99320848,CL,COSO,29,,50003,ZARAGOZA,,ES,,0976763300,,0976763305,,,,0000,07/09/2017,20/09/2011,,50,BANTIERRA,S,,,,,,,,02,,CAJA RURAL DE ARAGON S.C.C.,BANTIERRA,ES,CAMBIO DE DOMICILIO,,,D,95980020140005012943,0000,,BCOEESMM191
EFC,4706,50000,"CATERPILLAR FINANCIAL CORP.FINAN., S.A.E.F.C.","CATERPILLAR FINANCIAL CORPORACION FINANCIERA, SOCIEDAD ANONIMA ESTABLECIMIENTO FINANCIERO CREDITO",,A28125805,,VIA DE LAS DOS CASTILLAS,33,"EDIF. ATICA, 6, PL.4",28224,POZUELO DE ALARCON,MADRID,ES,,0914951300,,0913522609,http://mefinance.cat.com,,,0000,10/07/2013,03/12/1996,,28,,N,,,,,,,,12,,CATERPILLAR FINANCIAL CORP. FINAN.,CATERPILLAR,ES,,,,,,0000,,
EFC,4784,50000,"TRANSOLVER FINANCE, E.F.C., S.A.","TRANSOLVER FINANCE, ESTABLECIMIENTO FINANCIERO DE CREDITO, S.A.",,A78388600,AV,ARAGON,402,,28022,MADRID,,ES,,0913252271,,0915665555,,,,0000,24/10/2001,31/12/1996,,28,,N,,,,,,,,12,,"TRANSOLVER FINANCE, E.F.C., S.A.",TRANSOLVER,ES,,,,,,0000,,
EFC,4797,50000,"SANTANDER LEASE, S.A. E.F.C.","SANTANDER LEASE, S.A. ESTABLECIMIENTO FINANCIERO DE CREDITO",,A78475209,AV,DE CANTABRIA,S/N,CIUDAD GR. SANTANDER,28660,BOADILLA DEL MONTE,MADRID,ES,,0912890399,,0912571281,WWW.BANSALEASE.COM,,,0000,12/02/2010,30/12/1996,,28,,N,,,,,,,,12,,"SANTANDER LEASE, S.A. E.F.C.",SANTANDER LEASE,ES,CAMBIO DE DENOMINACION,,,N,,0000,,
EFC,4799,50000,"MERCEDES-BENZ FINANCIAL SERVICES ESPAÑA E.F.C.,S.A","MERCEDES-BENZ FINANCIAL SERVICES ESPAÑA E.F.C., S.A.",,A78510260,AV,DE BRUSELAS,30,PG.ARROYO DE LA VEGA,28108,ALCOBENDAS,MADRID,ES,,0917212800,,0917210880,,,,0000,30/12/2008,09/12/1996,,28,,N,,,,,,,,12,,"MERCEDES-BENZ FINA. SERV. ESP. EFC,",MERCEDES EFC,ES,CAMBIO DE DENOMINACION,,,N,,0000,,
EFC,4832,50000,"IBERCAJA LEASING Y FINANCIACION, S.A., E.F.C.","IBERCAJA LEASING Y FINANCIACION, S.A., ESTABLECIMIENTO FINANCIERO DE CREDITO",,A50219807,PS,CONSTITUCION,4,,50008,ZARAGOZA,,ES,,0976231609,,0976232436,,,,0000,20/12/1996,20/12/1996,,50,,N,,,,,,,,02,,IBERCAJA LEASING Y FINANCIACION,IBERCAJA LEASIN,ES,CAMBIO DE DOMICILIO,,,D,,0000,,
EFC,8211,50000,"BANSABADELL FINANCIACION E.F.C., S.A.","BANSABADELL FINANCIACION E.F.C., S.A.",,A58039553,PZ,CATALUNYA,1,PL. 4,8201,SABADELL,BARCELONA,ES,,0937289289,,0937262689,,,,0000,09/12/2003,30/12/1996,,08,,N,,,,,,,,09,,"BANSABADELL FINANCIACION EFC, SA",BANSABADELLFIN,ES,CAMBIO DE DENOMINACION,,,N,,0000,,
